driverId,driverRef,code,forename,surname,dob,nationality
0,hamilton,HAM,Lewis,Hamilton,1985-01-07,British
1,heidfeld,HEI,Nick,Heidfeld,1977-05-10,German
2,rosberg,ROS,Nico,Rosberg,1985-06-27,German
3,alonso,ALO,Fernando,Alonso,1981-07-29,Spanish
4,kovalainen,KOV,Heikki,Kovalainen,1981-10-19,Finnish
5,nakajima,NAK,Kazuki,Nakajima,1985-01-11,Japanese
6,bourdais,BOU,Sébastien,Bourdais,1979-02-28,French
7,raikkonen,RAI,Kimi,Räikkönen,1979-10-17,Finnish
8,kubica,KUB,Robert,Kubica,1984-12-07,Polish
9,glock,GLO,Timo,Glock,1982-03-18,German
10,sato,SAT,Takuma,Sato,1977-01-28,Japanese
11,piquet_jr,PIQ,Nelson,Piquet Jr.,1985-07-25,Brazilian
12,massa,MAS,Felipe,Massa,1981-04-25,Brazilian
13,coulthard,COU,David,Coulthard,1971-03-27,British
14,trulli,TRU,Jarno,Trulli,1974-07-13,Italian
15,sutil,SUT,Adrian,Sutil,1983-01-11,German
16,webber,WEB,Mark,Webber,1976-08-27,Australian
17,button,BUT,Jenson,Button,1980-01-19,British
18,davidson,DAV,Anthony,Davidson,1979-04-18,British
19,vettel,VET,Sebastian,Vettel,1987-07-03,German
20,fisichella,FIS,Giancarlo,Fisichella,1973-01-14,Italian
21,barrichello,BAR,Rubens,Barrichello,1972-05-23,Brazilian
22,ralf_schumacher,SCH,Ralf,Schumacher,1975-06-30,German
23,liuzzi,LIU,Vitantonio,Liuzzi,1980-08-06,Italian
24,wurz,WUR,Alexander,Wurz,1974-02-15,Austrian
25,speed,SPE,Scott,Speed,1983-01-24,American
26,albers,ALB,Christijan,Albers,1979-04-16,Dutch
27,markus_winkelhock,WIN,Markus,Winkelhock,1980-06-13,German
28,yamamoto,YAM,Sakon,Yamamoto,1982-07-09,Japanese
29,michael_schumacher,MSC,Michael,Schumacher,1969-01-03,German
30,montoya,MON,Juan,Pablo Montoya,1975-09-20,Colombian
31,klien,KLI,Christian,Klien,1983-02-07,Austrian
32,monteiro,TMO,Tiago,Monteiro,1976-07-24,Portuguese
33,ide,IDE,Yuji,Ide,1975-01-21,Japanese
34,villeneuve,VIL,Jacques,Villeneuve,1971-04-09,Canadian
35,montagny,FMO,Franck,Montagny,1978-01-05,French
36,rosa,DLR,Pedro,de la Rosa,1971-02-24,Spanish
37,doornbos,DOO,Robert,Doornbos,1981-09-23,Dutch
38,karthikeyan,KAR,Narain,Karthikeyan,1977-01-14,Indian
39,friesacher,FRI,Patrick,Friesacher,1980-09-26,Austrian
40,zonta,ZON,Ricardo,Zonta,1976-03-23,Brazilian
41,pizzonia,PIZ,Antônio,Pizzonia,1980-09-11,Brazilian
42,matta,\N,Cristiano,da Matta,1973-09-19,Brazilian
43,panis,\N,Olivier,Panis,1966-09-02,French
44,pantano,\N,Giorgio,Pantano,1979-02-04,Italian
45,bruni,\N,Gianmaria,Bruni,1981-05-30,Italian
46,baumgartner,\N,Zsolt,Baumgartner,1981-01-01,Hungarian
47,gene,\N,Marc,Gené,1974-03-29,Spanish
48,frentzen,\N,Heinz-Harald,Frentzen,1967-05-18,German
49,verstappen,\N,Jos,Verstappen,1972-03-04,Dutch
50,wilson,\N,Justin,Wilson,1978-07-31,British
51,firman,\N,Ralph,Firman,1975-05-20,Irish
52,kiesa,\N,Nicolas,Kiesa,1978-03-03,Danish
53,burti,\N,Luciano,Burti,1975-03-05,Brazilian
54,alesi,\N,Jean,Alesi,1964-06-11,French
55,irvine,\N,Eddie,Irvine,1965-11-10,British
56,hakkinen,\N,Mika,Häkkinen,1968-09-28,Finnish
57,marques,\N,Tarso,Marques,1976-01-19,Brazilian
58,bernoldi,\N,Enrique,Bernoldi,1978-10-19,Brazilian
59,mazzacane,\N,Gastón,Mazzacane,1975-05-08,Argentine
60,enge,\N,Tomáš,Enge,1976-09-11,Czech
61,yoong,\N,Alex,Yoong,1976-07-20,Malaysian
62,salo,\N,Mika,Salo,1966-11-30,Finnish
63,diniz,\N,Pedro,Diniz,1970-05-22,Brazilian
64,herbert,\N,Johnny,Herbert,1964-06-25,British
65,mcnish,\N,Allan,McNish,1969-12-29,British
66,buemi,BUE,Sébastien,Buemi,1988-10-31,Swiss
67,takagi,\N,Toranosuke,Takagi,1974-02-12,Japanese
68,badoer,BAD,Luca,Badoer,1971-01-25,Italian
69,zanardi,\N,Alessandro,Zanardi,1966-10-23,Italian
70,damon_hill,\N,Damon,Hill,1960-09-17,British
71,sarrazin,\N,Stéphane,Sarrazin,1975-11-02,French
72,rosset,\N,Ricardo,Rosset,1968-07-27,Brazilian
73,tuero,\N,Esteban,Tuero,1978-04-22,Argentine
74,nakano,\N,Shinji,Nakano,1971-04-01,Japanese
75,magnussen,MAG,Jan,Magnussen,1973-07-04,Danish
76,berger,\N,Gerhard,Berger,1959-08-27,Austrian
77,larini,\N,Nicola,Larini,1964-03-19,Italian
78,katayama,\N,Ukyo,Katayama,1963-05-29,Japanese
79,sospiri,\N,Vincenzo,Sospiri,1966-10-07,Italian
80,morbidelli,\N,Gianni,Morbidelli,1968-01-13,Italian
81,fontana,\N,Norberto,Fontana,1975-01-20,Argentine
82,lamy,\N,Pedro,Lamy,1972-03-20,Portuguese
83,brundle,\N,Martin,Brundle,1959-06-01,British
84,montermini,\N,Andrea,Montermini,1964-05-30,Italian
85,lavaggi,\N,Giovanni,Lavaggi,1958-02-18,Italian
86,blundell,\N,Mark,Blundell,1966-04-08,British
87,suzuki,\N,Aguri,Suzuki,1960-09-08,Japanese
88,inoue,\N,Taki,Inoue,1963-09-05,Japanese
89,moreno,\N,Roberto,Moreno,1959-02-11,Brazilian
90,wendlinger,\N,Karl,Wendlinger,1968-12-20,Austrian
91,gachot,\N,Bertrand,Gachot,1962-12-23,Belgian
92,schiattarella,\N,Domenico,Schiattarella,1967-11-17,Italian
93,martini,\N,Pierluigi,Martini,1961-04-23,Italian
94,mansell,\N,Nigel,Mansell,1953-08-08,British
95,boullion,\N,Jean-Christophe,Boullion,1969-12-27,French
96,papis,\N,Massimiliano,Papis,1969-10-03,Italian
97,deletraz,\N,Jean-Denis,Délétraz,1963-10-01,Swiss
98,tarquini,\N,Gabriele,Tarquini,1962-03-02,Italian
99,comas,\N,Érik,Comas,1963-09-28,French
100,brabham,\N,David,Brabham,1965-09-05,Australian
101,senna,\N,Ayrton,Senna,1960-03-21,Brazilian
102,bernard,\N,Éric,Bernard,1964-08-24,French
103,fittipaldi,\N,Christian,Fittipaldi,1971-01-18,Brazilian
104,alboreto,\N,Michele,Alboreto,1956-12-23,Italian
105,beretta,\N,Olivier,Beretta,1969-11-23,Monegasque
106,ratzenberger,\N,Roland,Ratzenberger,1960-07-04,Austrian
107,belmondo,\N,Paul,Belmondo,1963-04-23,French
108,lehto,\N,Jyrki,Järvilehto,1966-01-31,Finnish
109,cesaris,\N,Andrea,de Cesaris,1959-05-31,Italian
110,gounon,\N,Jean-Marc,Gounon,1963-01-01,French
111,alliot,\N,Philippe,Alliot,1954-07-27,French
112,adams,\N,Philippe,Adams,1969-11-19,Belgian
113,dalmas,\N,Yannick,Dalmas,1961-07-28,French
114,noda,\N,Hideki,Noda,1969-03-07,Japanese
115,lagorce,\N,Franck,Lagorce,1968-09-01,French
116,prost,\N,Alain,Prost,1955-02-24,French
117,warwick,\N,Derek,Warwick,1954-08-27,British
118,patrese,\N,Riccardo,Patrese,1954-04-17,Italian
119,barbazza,\N,Fabrizio,Barbazza,1963-04-02,Italian
120,andretti,\N,Michael,Andretti,1962-10-05,American
121,capelli,\N,Ivan,Capelli,1963-05-24,Italian
122,boutsen,\N,Thierry,Boutsen,1957-07-13,Belgian
123,apicella,\N,Marco,Apicella,1965-10-07,Italian
124,naspetti,\N,Emanuele,Naspetti,1968-02-24,Italian
125,toshio_suzuki,\N,Toshio,Suzuki,1955-03-10,Japanese
126,gugelmin,\N,Maurício,Gugelmin,1963-04-20,Brazilian
127,poele,\N,Eric,van de Poele,1961-09-30,Belgian
128,grouillard,\N,Olivier,Grouillard,1958-09-02,French
129,chiesa,\N,Andrea,Chiesa,1964-05-06,Swiss
130,modena,\N,Stefano,Modena,1963-05-12,Italian
131,amati,\N,Giovanna,Amati,1959-07-20,Italian
132,caffi,\N,Alex,Caffi,1964-03-18,Italian
133,bertaggia,\N,Enrico,Bertaggia,1964-09-19,Italian
134,mccarthy,\N,Perry,McCarthy,1961-03-03,British
135,lammers,\N,Jan,Lammers,1956-06-02,Dutch
136,piquet,\N,Nelson,Piquet,1952-08-17,Brazilian
137,satoru_nakajima,\N,Satoru,Nakajima,1953-02-23,Japanese
138,pirro,\N,Emanuele,Pirro,1962-01-12,Italian
139,johansson,\N,Stefan,Johansson,1956-09-08,Swedish
140,bailey,\N,Julian,Bailey,1961-10-09,British
141,chaves,\N,Pedro,Chaves,1965-02-27,Portuguese
142,bartels,\N,Michael,Bartels,1968-03-08,German
143,hattori,\N,Naoki,Hattori,1966-06-13,Japanese
144,nannini,\N,Alessandro,Nannini,1959-07-07,Italian
145,schneider,\N,Bernd,Schneider,1964-07-20,German
146,barilla,\N,Paolo,Barilla,1961-04-20,Italian
147,foitek,\N,Gregor,Foitek,1965-03-27,Swiss
148,langes,\N,Claudio,Langes,1960-07-20,Italian
149,gary_brabham,\N,Gary,Brabham,1961-03-29,Australian
150,donnelly,\N,Martin,Donnelly,1964-03-26,British
151,giacomelli,\N,Bruno,Giacomelli,1952-09-10,Italian
152,alguersuari,ALG,Jaime,Alguersuari,1990-03-23,Spanish
153,grosjean,GRO,Romain,Grosjean,1986-04-17,French
154,kobayashi,KOB,Kamui,Kobayashi,1986-09-13,Japanese
155,palmer,\N,Jonathan,Palmer,1956-11-07,British
156,danner,\N,Christian,Danner,1958-04-04,German
157,cheever,\N,Eddie,Cheever,1958-01-10,American
158,sala,\N,Luis,Pérez-Sala,1959-05-15,Spanish
159,ghinzani,\N,Piercarlo,Ghinzani,1952-01-16,Italian
160,weidler,\N,Volker,Weidler,1962-03-18,German
161,raphanel,\N,Pierre-Henri,Raphanel,1961-05-27,French
162,arnoux,\N,René,Arnoux,1948-07-04,French
163,joachim_winkelhock,\N,Joachim,Winkelhock,1960-10-24,German
164,larrauri,\N,Oscar,Larrauri,1954-08-19,Argentine
165,streiff,\N,Philippe,Streiff,1955-06-26,French
166,campos,\N,Adrián,Campos,1960-06-17,Spanish
167,schlesser,\N,Jean-Louis,Schlesser,1948-09-12,French
168,fabre,\N,Pascal,Fabre,1960-01-09,French
169,fabi,\N,Teo,Fabi,1955-03-09,Italian
170,forini,\N,Franco,Forini,1958-09-22,Swiss
171,laffite,\N,Jacques,Laffite,1943-11-21,French
172,angelis,\N,Elio,de Angelis,1958-03-26,Italian
173,dumfries,\N,Johnny,Dumfries,1958-04-26,British
174,tambay,\N,Patrick,Tambay,1949-06-25,French
175,surer,\N,Marc,Surer,1951-09-18,Swiss
176,keke_rosberg,\N,Keke,Rosberg,1948-12-06,Finnish
177,jones,\N,Alan,Jones,1946-11-02,Australian
178,rothengatter,\N,Huub,Rothengatter,1954-10-08,Dutch
179,berg,\N,Allen,Berg,1961-08-01,Canadian
180,manfred_winkelhock,\N,Manfred,Winkelhock,1951-10-06,German
181,lauda,\N,Niki,Lauda,1949-02-22,Austrian
182,hesnault,\N,François,Hesnault,1956-12-30,French
183,baldi,\N,Mauro,Baldi,1954-01-31,Italian
184,bellof,\N,Stefan,Bellof,1957-11-20,German
185,acheson,\N,Kenny,Acheson,1957-11-27,British
186,watson,\N,John,Watson,1946-05-04,British
187,cecotto,\N,Johnny,Cecotto,1956-01-25,Venezuelan
188,gartner,\N,Jo,Gartner,1954-01-24,Austrian
189,corrado_fabi,\N,Corrado,Fabi,1961-04-12,Italian
190,thackwell,\N,Mike,Thackwell,1961-03-30,New Zealander
191,serra,\N,Chico,Serra,1957-02-03,Brazilian
192,sullivan,\N,Danny,Sullivan,1950-03-09,American
193,salazar,\N,Eliseo,Salazar,1954-11-14,Chilean
194,guerrero,\N,Roberto,Guerrero,1958-11-16,Colombian
195,boesel,\N,Raul,Boesel,1957-12-04,Brazilian
196,jarier,\N,Jean-Pierre,Jarier,1946-07-10,French
197,villeneuve_sr,\N,Jacques,Villeneuve Sr.,1953-11-04,Canadian
198,reutemann,\N,Carlos,Reutemann,1942-04-12,Argentine
199,mass,\N,Jochen,Mass,1946-09-30,German
200,borgudd,\N,Slim,Borgudd,1946-11-25,Swedish
201,pironi,\N,Didier,Pironi,1952-03-26,French
202,gilles_villeneuve,\N,Gilles,Villeneuve,1950-01-18,Canadian
203,paletti,\N,Riccardo,Paletti,1958-06-15,Italian
204,henton,\N,Brian,Henton,1946-09-19,British
205,daly,\N,Derek,Daly,1953-03-11,Irish
206,mario_andretti,\N,Mario,Andretti,1940-02-28,American
207,villota,\N,Emilio,de Villota,1946-07-26,Spanish
208,lees,\N,Geoff,Lees,1951-05-01,British
209,byrne,\N,Tommy,Byrne,1958-05-06,Irish
210,keegan,\N,Rupert,Keegan,1955-02-26,British
211,rebaque,\N,Hector,Rebaque,1956-02-05,Mexican
212,gabbiani,\N,Beppe,Gabbiani,1957-01-02,Italian
213,cogan,\N,Kevin,Cogan,1956-03-31,American
214,guerra,\N,Miguel Ángel,Guerra,1953-08-31,Argentine
215,stohr,\N,Siegfried,Stohr,1952-10-10,Italian
216,zunino,\N,Ricardo,Zunino,1949-04-13,Argentine
217,londono,\N,Ricardo,Londoño,1949-08-08,Colombian
218,jabouille,\N,Jean-Pierre,Jabouille,1942-10-01,French
219,francia,\N,Giorgio,Francia,1947-11-08,Italian
220,depailler,\N,Patrick,Depailler,1944-08-09,French
221,scheckter,\N,Jody,Scheckter,1950-01-29,South African
222,regazzoni,\N,Clay,Regazzoni,1939-09-05,Swiss
223,emerson_fittipaldi,\N,Emerson,Fittipaldi,1946-12-12,Brazilian
224,kennedy,\N,Dave,Kennedy,1953-01-15,Irish
225,south,\N,Stephen,South,1952-02-19,British
226,needell,\N,Tiff,Needell,1951-10-29,British
227,desire_wilson,\N,Desiré,Wilson,1953-11-26,South African
228,ertl,\N,Harald,Ertl,1948-08-31,Austrian
229,brambilla,\N,Vittorio,Brambilla,1937-11-11,Italian
230,hunt,\N,James,Hunt,1947-08-29,British
231,merzario,\N,Arturo,Merzario,1943-03-11,Italian
232,stuck,\N,Hans-Joachim,Stuck,1951-01-01,German
233,brancatelli,\N,Gianfranco,Brancatelli,1950-01-18,Italian
234,ickx,\N,Jacky,Ickx,1945-01-01,Belgian
235,gaillard,\N,Patrick,Gaillard,1952-02-12,French
236,ribeiro,\N,Alex,Ribeiro,1948-11-07,Brazilian
237,peterson,\N,Ronnie,Peterson,1944-02-14,Swedish
238,lunger,\N,Brett,Lunger,1945-11-14,American
239,ongais,\N,Danny,Ongais,1942-05-21,American
240,leoni,\N,Lamberto,Leoni,1953-05-24,Italian
241,galica,\N,Divina,Galica,1944-08-13,British
242,stommelen,\N,Rolf,Stommelen,1943-07-11,German
243,colombo,\N,Alberto,Colombo,1946-02-23,Italian
244,trimmer,\N,Tony,Trimmer,1943-01-24,British
245,binder,\N,Hans,Binder,1948-06-12,Austrian
246,bleekemolen,\N,Michael,Bleekemolen,1949-10-02,Dutch
247,gimax,\N,Carlo,Franchi,1938-01-01,Italian
248,rahal,\N,Bobby,Rahal,1953-01-10,American
249,pace,\N,Carlos,Pace,1944-10-06,Brazilian
250,ian_scheckter,\N,Ian,Scheckter,1947-08-22,South African
251,pryce,\N,Tom,Pryce,1949-06-11,British
252,hoffmann,\N,Ingo,Hoffmann,1953-02-28,Brazilian
253,zorzi,\N,Renzo,Zorzi,1946-12-12,Italian
254,nilsson,\N,Gunnar,Nilsson,1948-11-20,Swedish
255,perkins,\N,Larry,Perkins,1950-03-18,Australian
256,hayje,\N,Boy,Lunger,1949-05-03,Dutch
257,neve,\N,Patrick,Nève,1949-10-13,Belgian
258,purley,\N,David,Purley,1945-01-26,British
259,andersson,\N,Conny,Andersson,1939-12-28,Swedish
260,dryver,\N,Bernard,de Dryver,1952-09-19,Belgian
261,oliver,\N,Jackie,Oliver,1942-08-14,British
262,kozarowitzky,\N,Mikko,Kozarowitzky,1948-05-17,Finnish
263,sutcliffe,\N,Andy,Sutcliffe,1947-05-09,British
264,edwards,\N,Guy,Edwards,1942-12-30,British
265,mcguire,\N,Brian,McGuire,1945-12-13,Australian
266,schuppan,\N,Vern,Schuppan,1943-03-19,Australian
267,heyer,\N,Hans,Heyer,1943-03-16,German
268,pilette,\N,Teddy,Pilette,1942-07-26,Belgian
269,ashley,\N,Ian,Ashley,1947-10-26,British
270,kessel,\N,Loris,Kessel,1950-04-01,Swiss
271,takahashi,\N,Kunimitsu,Takahashi,1940-01-29,Japanese
272,hoshino,\N,Kazuyoshi,Hoshino,1947-07-01,Japanese
273,takahara,\N,Noritake,Takahara,1951-06-06,Japanese
274,lombardi,\N,Lella,Lombardi,1941-03-26,Italian
275,evans,\N,Bob,Evans,1947-06-11,British
276,leclere,\N,Michel,Leclère,1946-03-18,French
277,amon,\N,Chris,Amon,1943-07-20,New Zealander
278,zapico,\N,Emilio,Zapico,1944-05-27,Spanish
279,pescarolo,\N,Henri,Pescarolo,1942-09-25,French
280,nelleman,\N,Jac,Nelleman,1944-04-19,Danish
281,magee,\N,Damien,Magee,1945-11-17,British
282,wilds,\N,Mike,Wilds,1946-01-07,British
283,pesenti_rossi,\N,Alessandro,Pesenti-Rossi,1942-08-31,Italian
284,stuppacher,\N,Otto,Stuppacher,1947-03-03,Austrian
285,brown,\N,Warwick,Brown,1949-12-24,Australian
286,hasemi,\N,Masahiro,Hasemi,1945-11-13,Japanese
287,donohue,\N,Mark,Donohue,1937-03-18,American
288,hill,\N,Graham,Hill,1929-02-15,British
289,wilson_fittipaldi,\N,Wilson,Fittipaldi,1943-12-25,Brazilian
290,tunmer,\N,Guy,Tunmer,1948-12-01,South African
291,keizan,\N,Eddie,Keizan,1944-09-12,South African
292,charlton,\N,Dave,Charlton,1936-10-27,South African
293,brise,\N,Tony,Brise,1952-03-28,British
294,wunderink,\N,Roelof,Wunderink,1948-12-12,Dutch
295,migault,\N,François,Migault,1944-12-04,French
296,palm,\N,Torsten,Palm,1947-07-23,Swedish
297,lennep,\N,Gijs,van Lennep,1942-03-16,Dutch
298,fushida,\N,Hiroshi,Fushida,1946-03-10,Japanese
299,nicholson,\N,John,Nicholson,1941-10-06,New Zealander
300,morgan,\N,Dave,Morgan,1944-08-07,British
301,crawford,\N,Jim,Crawford,1948-02-13,British
302,vonlanthen,\N,Jo,Vonlanthen,1942-05-31,Swiss
303,hulme,\N,Denny,Hulme,1936-06-18,New Zealander
304,hailwood,\N,Mike,Hailwood,1940-04-02,British
305,beltoise,\N,Jean-Pierre,Beltoise,1937-04-26,French
306,ganley,\N,Howden,Ganley,1941-12-24,New Zealander
307,robarts,\N,Richard,Robarts,1944-09-22,British
308,revson,\N,Peter,Revson,1939-02-27,American
309,driver,\N,Paddy,Driver,1934-05-13,South African
310,belso,\N,Tom,Belsø,1942-08-27,Danish
311,redman,\N,Brian,Redman,1937-03-09,British
312,opel,\N,Rikky,von Opel,1947-10-14,Liechtensteiner
313,schenken,\N,Tim,Schenken,1943-09-26,Australian
314,larrousse,\N,Gérard,Larrousse,1940-05-23,French
315,kinnunen,\N,Leo,Kinnunen,1943-08-05,Finnish
316,wisell,\N,Reine,Wisell,1941-09-30,Swedish
317,roos,\N,Bertil,Roos,1943-10-12,Swedish
318,dolhem,\N,José,Dolhem,1944-04-26,French
319,gethin,\N,Peter,Gethin,1940-02-21,British
320,bell,\N,Derek,Bell,1941-10-31,British
321,hobbs,\N,David,Hobbs,1939-06-09,British
322,quester,\N,Dieter,Quester,1939-05-30,Austrian
323,koinigg,\N,Helmuth,Koinigg,1948-11-03,Austrian
324,facetti,\N,Carlo,Facetti,1935-06-26,Italian
325,wietzes,\N,Eppie,Wietzes,1938-05-28,Canadian
326,cevert,\N,François,Cevert,1944-02-25,French
327,stewart,\N,Jackie,Stewart,1939-06-11,British
328,beuttler,\N,Mike,Beuttler,1940-04-13,British
329,galli,\N,Nanni,Galli,1940-10-02,Italian
330,bueno,\N,Luiz,Bueno,1937-01-16,Brazilian
331,follmer,\N,George,Follmer,1934-01-27,American
332,adamich,\N,Andrea,de Adamich,1941-10-03,Italian
333,pretorius,\N,Jackie,Pretorius,1934-11-22,South African
334,williamson,\N,Roger,Williamson,1948-02-02,British
335,mcrae,\N,Graham,McRae,1940-03-05,New Zealander
336,marko,\N,Helmut,Marko,1943-04-27,Austrian
337,walker,\N,David,Walker,1941-06-10,Australian
338,roig,\N,Alex,Soler-Roig,1932-10-29,Spanish
339,love,\N,John,Love,1924-12-07,Rhodesian
340,surtees,\N,John,Surtees,1934-02-11,British
341,barber,\N,Skip,Barber,1936-11-16,American
342,brack,\N,Bill,Brack,1935-12-26,Canadian
343,posey,\N,Sam,Posey,1944-05-26,American
344,rodriguez,\N,Pedro,Rodríguez,1940-01-18,Mexican
345,siffert,\N,Jo,Siffert,1936-07-07,Swiss
346,bonnier,\N,Jo,Bonnier,1930-01-31,Swedish
347,mazet,\N,François,Mazet,1943-02-24,French
348,jean,\N,Max,Jean,1943-07-27,French
349,elford,\N,Vic,Elford,1935-06-10,British
350,moser,\N,Silvio,Moser,1941-04-24,Swiss
351,eaton,\N,George,Eaton,1945-11-12,Canadian
352,lovely,\N,Pete,Lovely,1926-04-11,American
353,craft,\N,Chris,Craft,1939-11-17,British
354,Cannoc,\N,John,Cannon,1933-06-21,Canadian
355,jack_brabham,\N,Jack,Brabham,1926-04-02,Australian
356,miles,\N,John,Miles,1943-06-14,British
357,rindt,\N,Jochen,Rindt,1942-04-18,Austrian
358,gavin,\N,Johnny,Servoz-Gavin,1942-01-18,French
359,mclaren,\N,Bruce,McLaren,1937-08-30,New Zealander
360,courage,\N,Piers,Courage,1942-05-27,British
361,klerk,\N,Peter,de Klerk,1935-03-16,South African
362,giunti,\N,Ignazio,Giunti,1941-08-30,Italian
363,gurney,\N,Dan,Gurney,1931-04-13,American
364,hahne,\N,Hubert,Hahne,1935-03-28,German
365,hutchison,\N,Gus,Hutchison,1937-04-26,American
366,westbury,\N,Peter,Westbury,1938-05-26,British
367,tingle,\N,Sam,Tingle,1921-08-24,Rhodesian
368,rooyen,\N,Basil,van Rooyen,1939-04-19,South African
369,attwood,\N,Richard,Attwood,1940-04-04,British
370,pease,\N,Al,Pease,1921-10-15,Canadian
371,cordts,\N,John,Cordts,1935-07-23,Canadian
372,clark,\N,Jim,Clark,1936-03-04,British
373,spence,\N,Mike,Spence,1936-12-30,British
374,scarfiotti,\N,Ludovico,Scarfiotti,1933-10-18,Italian
375,bianchi,BIA,Lucien,Bianchi,1934-11-10,Belgian
376,jo_schlesser,\N,Jo,Schlesser,1928-05-18,French
377,widdows,\N,Robin,Widdows,1942-05-27,British
378,ahrens,\N,Kurt,Ahrens,1940-04-19,German
379,gardner,\N,Frank,Gardner,1930-10-01,Australian
380,unser,\N,Bobby,Unser,1934-02-20,American
381,solana,\N,Moisés,Solana,1935-12-26,Mexican
382,anderson,\N,Bob,Anderson,1931-05-19,British
383,botha,\N,Luki,Botha,1930-01-16,South African
384,bandini,\N,Lorenzo,Bandini,1935-12-21,Italian
385,ginther,\N,Richie,Ginther,1930-08-05,American
386,parkes,\N,Mike,Parkes,1931-09-24,British
387,irwin,\N,Chris,Irwin,1942-06-27,British
388,ligier,\N,Guy,Ligier,1930-07-12,French
389,rees,\N,Alan,Rees,1938-01-12,British
390,hart,\N,Brian,Hart,1936-09-07,British
391,fisher,\N,Mike,Fisher,1943-03-13,American
392,tom_jones,\N,Tom,Jones,1943-04-26,American
393,baghetti,\N,Giancarlo,Baghetti,1934-12-25,Italian
394,williams,\N,Jonathan,Williams,1942-10-26,British
395,bondurant,\N,Bob,Bondurant,1933-04-27,American
396,arundell,\N,Peter,Arundell,1933-11-08,British
397,vic_wilson,\N,Vic,Wilson,1931-04-14,British
398,taylor,\N,John,Taylor,1933-03-23,British
399,lawrence,\N,Chris,Lawrence,1933-07-27,British
400,trevor_taylor,\N,Trevor,Taylor,1936-12-26,British
401,geki,\N,Giacomo,Russo,1937-10-23,Italian
402,phil_hill,\N,Phil,Hill,1927-04-20,American
403,ireland,\N,Innes,Ireland,1930-06-12,British
404,bucknum,\N,Ronnie,Bucknum,1936-04-05,American
405,hawkins,\N,Paul,Hawkins,1937-10-12,Australian
406,prophet,\N,David,Prophet,1937-10-09,British
407,maggs,\N,Tony,Maggs,1937-02-09,South African
408,blokdyk,\N,Trevor,Blokdyk,1935-11-30,South African
409,lederle,\N,Neville,Lederle,1938-09-25,South African
410,serrurier,\N,Doug,Serrurier,1920-12-09,South African
411,niemann,\N,Brausch,Niemann,1939-01-07,South African
412,pieterse,\N,Ernie,Pieterse,1938-07-04,South African
413,puzey,\N,Clive,Puzey,1941-07-11,Rhodesian
414,reed,\N,Ray,Reed,1932-04-30,South African
415,clapham,\N,David,Clapham,1931-05-18,South African
416,blignaut,\N,Alex,Blignaut,1932-11-30,South African
417,gregory,\N,Masten,Gregory,1932-02-29,American
418,rhodes,\N,John,Rhodes,1927-08-18,British
419,raby,\N,Ian,Raby,1921-09-22,British
420,rollinson,\N,Alan,Rollinson,1943-05-15,British
421,gubby,\N,Brian,Gubby,1934-04-17,British
422,mitter,\N,Gerhard,Mitter,1935-08-30,German
423,bussinello,\N,Roberto,Bussinello,1927-10-04,Italian
424,vaccarella,\N,Nino,Vaccarella,1933-03-04,Italian
425,bassi,\N,Giorgio,Bassi,1934-01-20,Italian
426,trintignant,\N,Maurice,Trintignant,1917-10-30,French
427,collomb,\N,Bernard,Collomb,1930-10-07,French
428,andre_pilette,\N,André,Pilette,1918-10-06,Belgian
429,beaufort,\N,Carel Godin,de Beaufort,1934-04-10,Dutch
430,barth,\N,Edgar,Barth,1917-01-26,German
431,cabral,\N,Mário de Araújo,Cabral,1934-01-15,Portuguese
432,hansgen,\N,Walt,Hansgen,1919-10-28,American
433,sharp,\N,Hap,Sharp,1928-01-01,American
434,mairesse,\N,Willy,Mairesse,1928-10-01,Belgian
435,campbell-jones,\N,John,Campbell-Jones,1930-01-21,British
436,burgess,\N,Ian,Burgess,1930-07-06,British
437,settember,\N,Tony,Settember,1926-07-10,American
438,estefano,\N,Nasif,Estéfano,1932-11-18,Argentine
439,hall,\N,Jim,Hall,1935-07-23,American
440,parnell,\N,Tim,Parnell,1932-06-25,British
441,kuhnke,\N,Kurt,Kuhnke,1910-04-30,German
442,ernesto_brambilla,\N,Ernesto,Brambilla,1934-01-31,Italian
443,lippi,\N,Roberto,Lippi,1926-10-17,Italian
444,seiffert,\N,Günther,Seiffert,1937-10-18,German
445,abate,\N,Carlo,Abate,1932-07-10,Italian
446,starrabba,\N,Gaetano,Starrabba,1932-12-03,Italian
447,broeker,\N,Peter,Broeker,1926-05-15,Canadian
448,ward,\N,Rodger,Ward,1921-01-10,American
449,vos,\N,Ernie,de Vos,1941-07-01,Dutch
450,dochnal,\N,Frank,Dochnal,1920-10-08,American
451,monarch,\N,Thomas,Monarch,1945-09-03,American
452,gasly,GAS,Pierre,Gasly,1996-02-07,French
453,lewis,\N,Jackie,Lewis,1936-11-01,British
454,ricardo_rodriguez,\N,Ricardo,Rodríguez,1942-02-14,Mexican
455,seidel,\N,Wolfgang,Seidel,1926-07-04,German
456,salvadori,\N,Roy,Salvadori,1922-05-12,British
457,pon,\N,Ben,Pon,1936-12-09,Dutch
458,slotemaker,\N,Rob,Slotemaker,1929-06-13,Dutch
459,marsh,\N,Tony,Marsh,1931-07-20,British
460,ashmore,\N,Gerry,Ashmore,1936-07-25,British
461,schiller,\N,Heinz,Schiller,1930-01-25,Swiss
462,davis,\N,Colin,Davis,1933-07-29,British
463,chamberlain,\N,Jay,Chamberlain,1925-12-29,American
464,shelly,\N,Tony,Shelly,1937-02-02,New Zealander
465,greene,\N,Keith,Greene,1938-01-05,British
466,walter,\N,Heini,Walter,1927-07-28,Swiss
467,prinoth,\N,Ernesto,Prinoth,1923-04-15,Italian
468,penske,\N,Roger,Penske,1937-02-20,American
469,schroeder,\N,Rob,Schroeder,1926-05-11,British
470,mayer,\N,Timmy,Mayer,1938-02-22,American
471,johnstone,\N,Bruce,Johnstone,1937-01-30,South African
472,harris,\N,Mike,Harris,1939-05-25,South African
473,hocking,\N,Gary,Hocking,1937-09-30,Rhodesian
474,vyver,\N,Syd,van der Vyver,1920-06-01,South African
475,moss,\N,Stirling,Moss,1929-09-17,British
476,trips,\N,Wolfgang,von Trips,1928-05-04,German
477,allison,\N,Cliff,Allison,1932-02-08,British
478,herrmann,\N,Hans,Herrmann,1928-02-23,German
479,brooks,\N,Tony,Brooks,1932-02-25,British
480,may,\N,Michael,May,1934-08-18,Swiss
481,henry_taylor,\N,Henry,Taylor,1932-12-16,British
482,gendebien,\N,Olivier,Gendebien,1924-01-12,Belgian
483,scarlatti,\N,Giorgio,Scarlatti,1921-10-02,Italian
484,naylor,\N,Brian,Naylor,1923-03-24,British
485,bordeu,\N,Juan Manuel,Bordeu,1934-01-28,Argentine
486,fairman,\N,Jack,Fairman,1913-03-15,British
487,natili,\N,Massimo,Natili,1935-07-28,Italian
488,monteverdi,\N,Peter,Monteverdi,1934-06-07,Swiss
489,pirocchi,\N,Renato,Pirocchi,1933-03-26,Italian
490,duke,\N,Geoff,Duke,1923-03-29,British
491,thiele,\N,Alfonso,Thiele,1920-04-05,American-Italian
492,boffa,\N,Menato,Boffa,1930-01-04,Italian
493,ryan,\N,Peter,Ryan,1940-06-10,Canadian
494,ruby,\N,Lloyd,Ruby,1928-01-12,American
495,ken_miles,\N,Ken,Miles,1918-11-01,British
496,menditeguy,\N,Carlos,Menditeguy,1914-08-10,Argentine
497,larreta,\N,Alberto Rodriguez,Larreta,1934-01-14,Argentine
498,gonzalez,\N,José Froilán,González,1922-10-05,Argentine
499,bonomi,\N,Roberto,Bonomi,1919-09-30,Argentine
500,munaron,\N,Gino,Munaron,1928-04-02,Italian
501,schell,\N,Harry,Schell,1921-06-29,American
502,stacey,\N,Alan,Stacey,1933-08-29,British
503,chimeri,\N,Ettore,Chimeri,1921-06-04,Venezuelan
504,creus,\N,Antonio,Creus,1924-10-28,Spanish
505,bristow,\N,Chris,Bristow,1937-12-02,British
506,halford,\N,Bruce,Halford,1931-05-18,British
507,daigh,\N,Chuck,Daigh,1923-11-29,American
508,reventlow,\N,Lance,Reventlow,1936-02-24,American
509,rathmann,\N,Jim,Rathmann,1928-07-16,American
510,goldsmith,\N,Paul,Goldsmith,1925-10-02,American
511,branson,\N,Don,Branson,1920-06-02,American
512,thomson,\N,Johnny,Thomson,1922-04-09,American
513,johnson,\N,Eddie,Johnson,1919-02-10,American
514,veith,\N,Bob,Veith,1926-11-01,American
515,tingelstad,\N,Bud,Tingelstad,1928-04-04,American
516,christie,\N,Bob,Christie,1924-04-04,American
517,amick,\N,Red,Amick,1929-01-19,American
518,darter,\N,Duane,Carter,1913-05-05,American
519,homeier,\N,Bill,Homeier,1918-08-31,American
520,hartley,\N,Gene,Hartley,1926-01-28,American
521,stevenson,\N,Chuck,Stevenson,1919-10-15,American
522,grim,\N,Bobby,Grim,1924-09-04,American
523,templeman,\N,Shorty,Templeman,1919-08-12,American
524,hurtubise,\N,Jim,Hurtubise,1932-12-05,American
525,bryan,\N,Jimmy,Bryan,1926-01-28,American
526,ruttman,\N,Troy,Ruttman,1930-03-11,American
527,sachs,\N,Eddie,Sachs,1927-05-28,American
528,freeland,\N,Don,Freeland,1925-03-25,American
529,bettenhausen,\N,Tony,Bettenhausen,1916-09-12,American
530,weiler,\N,Wayne,Weiler,1934-12-09,American
531,foyt,\N,Anthony,Foyt,1935-01-16,American
532,russo,\N,Eddie,Russo,1925-11-19,American
533,boyd,\N,Johnny,Boyd,1926-08-19,American
534,force,\N,Gene,Force,1916-06-15,American
535,mcwithey,\N,Jim,McWithey,1927-07-04,American
536,sutton,\N,Len,Sutton,1925-08-09,American
537,dick_rathmann,\N,Dick,Rathmann,1924-01-06,American
538,herman,\N,Al,Herman,1927-03-15,American
539,dempsey_wilson,\N,Dempsey,Wilson,1927-03-11,American
540,mike_taylor,\N,Mike,Taylor,1934-04-24,British
541,flockhart,\N,Ron,Flockhart,1923-06-16,British
542,piper,\N,David,Piper,1930-12-02,British
543,cabianca,\N,Giulio,Cabianca,1923-02-19,Italian
544,drogo,\N,Piero,Drogo,1926-08-08,Italian
545,gamble,\N,Fred,Gamble,1932-03-17,American
546,owen,\N,Arthur,Owen,1915-03-23,British
547,gould,\N,Horace,Gould,1918-09-20,British
548,drake,\N,Bob,Drake,1919-12-14,American
549,bueb,\N,Ivor,Bueb,1923-06-06,British
550,Changy,\N,Alain,de Changy,1922-02-05,Belgian
551,filippis,\N,Maria,de Filippis,1926-11-11,Italian
552,lucienbonnet,\N,Jean,Lucienbonnet,1923-01-07,French
553,testut,\N,André,Testut,1926-04-13,Monegasque
554,behra,\N,Jean,Behra,1921-02-16,French
555,paul_russo,\N,Paul,Russo,1914-04-10,American
556,daywalt,\N,Jimmy,Daywalt,1924-08-28,American
557,arnold,\N,Chuck,Arnold,1926-05-30,American
558,keller,\N,Al,Keller,1920-04-11,American
559,flaherty,\N,Pat,Flaherty,1926-01-06,American
560,cheesbourg,\N,Bill,Cheesbourg,1927-06-12,American
561,ray_crawford,\N,Ray,Crawford,1915-10-26,American
562,turner,\N,Jack,Turner,1920-02-12,American
563,weyant,\N,Chuck,Weyant,1923-04-03,American
564,larson,\N,Jud,Larson,1923-01-21,American
565,magill,\N,Mike,Magill,1920-02-08,American
566,shelby,\N,Carroll,Shelby,1923-01-11,American
567,orey,\N,Fritz,d'Orey,1938-03-25,Brazilian
568,fontes,\N,Azdrubal,Fontes,1922-12-26,Uruguayan
569,ashdown,\N,Peter,Ashdown,1934-10-16,British
570,bill_moss,\N,Bill,Moss,1933-09-04,British
571,dennis_taylor,\N,Dennis,Taylor,1921-06-12,British
572,blanchard,\N,Harry,Blanchard,1929-06-13,American
573,tomaso,\N,Alessandro,de Tomaso,1928-07-10,Argentine-Italian
574,constantine,\N,George,Constantine,1918-02-22,American
575,said,\N,Bob,Said,1932-05-05,American
576,cade,\N,Phil,Cade,1916-06-12,American
577,musso,\N,Luigi,Musso,1924-07-28,Italian
578,hawthorn,\N,Mike,Hawthorn,1929-04-10,British
579,fangio,\N,Juan,Fangio,1911-06-24,Argentine
580,godia,\N,Paco,Godia,1921-03-21,Spanish
581,collins,\N,Peter,Collins,1931-11-06,British
582,kavanagh,\N,Ken,Kavanagh,1923-12-12,Australian
583,gerini,\N,Gerino,Gerini,1928-08-10,Italian
584,kessler,\N,Bruce,Kessler,1936-03-23,American
585,emery,\N,Paul,Emery,1916-11-12,British
586,piotti,\N,Luigi,Piotti,1913-10-27,Italian
587,ecclestone,\N,Bernie,Ecclestone,1930-10-28,British
588,taramazzo,\N,Luigi,Taramazzo,1932-05-05,Italian
589,chiron,\N,Louis,Chiron,1899-08-03,Monegasque
590,lewis-evans,\N,Stuart,Lewis-Evans,1930-04-20,British
591,george_amick,\N,George,Amick,1924-10-24,American
592,reece,\N,Jimmy,Reece,1929-11-17,American
593,parsons,\N,Johnnie,Parsons,1918-07-04,American
594,tolan,\N,Johnnie,Tolan,1917-10-22,American
595,garrett,\N,Billy,Garrett,1933-04-24,American
596,elisian,\N,Ed,Elisian,1926-12-09,American
597,connor,\N,Pat,O'Connor,1928-10-09,American
598,jerry_unser,\N,Jerry,Unser,1932-11-15,American
599,bisch,\N,Art,Bisch,1926-11-10,American
600,goethals,\N,Christian,Goethals,1928-08-04,Belgian
601,gibson,\N,Dick,Gibson,1918-04-16,British
602,la_caze,\N,Robert,La Caze,1917-02-26,French
603,guelfi,\N,André,Guelfi,1919-05-06,French
604,picard,\N,François,Picard,1921-04-26,French
605,bridger,\N,Tom,Bridger,1934-06-24,British
606,portago,\N,Alfonso,de Portago,1928-10-11,Spanish
607,perdisa,\N,Cesare,Perdisa,1932-10-21,Italian
608,castellotti,\N,Eugenio,Castellotti,1930-10-10,Italian
609,simon,\N,André,Simon,1920-01-05,French
610,leston,\N,Les,Leston,1920-12-16,British
611,hanks,\N,Sam,Hanks,1914-07-13,American
612,linden,\N,Andy,Linden,1922-04-05,American
613,teague,\N,Marshall,Teague,1921-02-22,American
614,edmunds,\N,Don,Edmunds,1930-09-23,American
615,agabashian,\N,Fred,Agabashian,1913-08-21,American
616,george,\N,Elmer,George,1928-07-15,American
617,macdowel,\N,Mike,MacDowel,1932-09-13,British
618,mackay-fraser,\N,Herbert,MacKay-Fraser,1927-06-23,American
619,gerard,\N,Bob,Gerard,1914-01-19,British
620,maglioli,\N,Umberto,Maglioli,1928-06-05,Italian
621,england,\N,Paul,England,1929-03-28,Australian
622,landi,\N,Chico,Landi,1907-07-14,Brazilian
623,uria,\N,Alberto,Uria,1924-07-11,Uruguayan
624,ramos,\N,Hernando,da Silva Ramos,1925-12-07,Brazilian
625,bayol,\N,Élie,Bayol,1914-02-28,French
626,manzon,\N,Robert,Manzon,1917-04-12,French
627,rosier,\N,Louis,Rosier,1905-11-05,French
628,sweikert,\N,Bob,Sweikert,1926-05-20,American
629,griffith,\N,Cliff,Griffith,1916-02-06,American
630,dinsmore,\N,Duke,Dinsmore,1913-04-10,American
631,andrews,\N,Keith,Andrews,1920-06-15,American
632,frere,\N,Paul,Frère,1917-01-30,Belgian
633,villoresi,\N,Luigi,Villoresi,1909-05-16,Italian
634,scotti,\N,Piero,Scotti,1909-11-11,Italian
635,chapman,\N,Colin,Chapman,1928-05-19,British
636,titterington,\N,Desmond,Titterington,1928-05-01,British
637,scott_Brown,\N,Archie,Scott Brown,1927-05-13,British
638,volonterio,\N,Ottorino,Volonterio,1917-12-07,Swiss
639,milhoux,\N,André,Milhoux,1928-12-09,Belgian
640,graffenried,\N,Toulo,de Graffenried,1914-05-18,Swiss
641,taruffi,\N,Piero,Taruffi,1906-10-12,Italian
642,farina,\N,Nino,Farina,1906-10-30,Italian
643,mieres,\N,Roberto,Mieres,1924-12-03,Argentine
644,mantovani,\N,Sergio,Mantovani,1929-05-22,Italian
645,bucci,\N,Clemar,Bucci,1920-09-04,Argentine
646,iglesias,\N,Jesús,Iglesias,1922-02-22,Argentine
647,ascari,\N,Alberto,Ascari,1918-07-13,Italian
648,kling,\N,Karl,Kling,1910-09-16,German
649,birger,\N,Pablo,Birger,1924-01-07,Argentine
650,pollet,\N,Jacques,Pollet,1922-07-02,French
651,macklin,\N,Lance,Macklin,1919-09-02,British
652,whiteaway,\N,Ted,Whiteaway,1928-11-01,British
653,davies,\N,Jimmy,Davies,1929-08-08,American
654,faulkner,\N,Walt,Faulkner,1920-02-16,American
655,niday,\N,Cal,Niday,1914-04-29,American
656,cross,\N,Art,Cross,1918-01-24,American
657,vukovich,\N,Bill,Vukovich,1918-12-13,American
658,mcgrath,\N,Jack,McGrath,1919-10-08,American
659,hoyt,\N,Jerry,Hoyt,1929-01-29,American
660,claes,\N,Johnny,Claes,1916-08-11,Belgian
661,peter_walker,\N,Peter,Walker,1912-10-07,British
662,sparken,\N,Mike,Sparken,1930-06-16,French
663,wharton,\N,Ken,Wharton,1916-03-21,British
664,mcalpine,\N,Kenneth,McAlpine,1920-09-21,British
665,marr,\N,Leslie,Marr,1922-08-14,British
666,rolt,\N,Tony,Rolt,1918-10-16,British
667,fitch,\N,John,Fitch,1917-08-04,American
668,lucas,\N,Jean,Lucas,1917-04-25,French
669,bira,\N,Prince,Bira,1914-07-15,Thai
670,marimon,\N,Onofre,Marimón,1923-12-19,Argentine
671,loyer,\N,Roger,Loyer,1907-08-05,French
672,daponte,\N,Jorge,Daponte,1923-06-05,Argentine
673,nazaruk,\N,Mike,Nazaruk,1921-10-02,American
674,crockett,\N,Larry,Crockett,1926-10-23,American
675,ayulo,\N,Manny,Ayulo,1921-10-20,American
676,armi,\N,Frank,Armi,1918-10-12,American
677,webb,\N,Travis,Webb,1910-10-08,American
678,duncan,\N,Len,Duncan,1911-07-25,American
679,mccoy,\N,Ernie,McCoy,1921-02-19,American
680,swaters,\N,Jacques,Swaters,1926-10-30,American
681,georges_berger,\N,Georges,Berger,1918-09-14,Belgian
682,beauman,\N,Don,Beauman,1928-07-26,British
683,thorne,\N,Leslie,Thorne,1916-06-23,British
684,whitehouse,\N,Bill,Whitehouse,1909-04-01,British
685,riseley_prichard,\N,John,Riseley-Prichard,1924-01-17,British
686,reg_parnell,\N,Reg,Parnell,1911-07-02,British
687,whitehead,\N,Peter,Whitehead,1914-11-12,British
688,brandon,\N,Eric,Brandon,1920-07-18,British
689,alan_brown,\N,Alan,Brown,1919-11-20,British
690,nuckey,\N,Rodney,Nuckey,1929-06-26,British
691,lang,\N,Hermann,Lang,1909-04-06,German
692,helfrich,\N,Theo,Helfrich,1913-05-13,German
693,wacker,\N,Fred,Wacker,1918-07-10,American
694,riu,\N,Giovanni,de Riu,1925-03-10,Italian
695,galvez,\N,Oscar,Gálvez,1913-08-17,Argentine
696,john_barber,\N,John,Barber,1929-07-22,British
697,bonetto,\N,Felice,Bonetto,1903-06-09,Italian
698,cruz,\N,Adolfo,Cruz,1923-06-28,Argentine
699,nalon,\N,Duke,Nalon,1913-03-02,American
700,scarborough,\N,Carl,Scarborough,1914-07-03,American
701,holland,\N,Bill,Holland,1907-12-18,American
702,bob_scott,\N,Bob,Scott,1928-10-04,American
703,legat,\N,Arthur,Legat,1898-11-01,Belgian
704,cabantous,\N,Yves,Cabantous,1904-10-08,French
705,crook,\N,Tony,Crook,1920-02-16,British
706,jimmy_stewart,\N,Jimmy,Stewart,1931-03-06,British
707,ian_stewart,\N,Ian,Stewart,1929-07-15,British
708,duncan_hamilton,\N,Duncan,Hamilton,1920-04-30,British
709,klodwig,\N,Ernst,Klodwig,1903-05-23,East German
710,krause,\N,Rudolf,Krause,1907-03-30,East German
711,karch,\N,Oswald,Karch,1917-03-06,German
712,heeks,\N,Willi,Heeks,1922-02-13,German
713,fitzau,\N,Theo,Fitzau,1923-02-10,East German
714,adolff,\N,Kurt,Adolff,1921-11-05,German
715,bechem,\N,Günther,Bechem,1921-12-21,German
716,bauer,\N,Erwin,Bauer,1912-07-17,German
717,hans_stuck,\N,Hans,von Stuck,1900-12-27,German
718,loof,\N,Ernst,Loof,1907-07-04,German
719,scherrer,\N,Albert,Scherrer,1908-02-28,Swiss
720,terra,\N,Max,de Terra,1918-10-06,Swiss
721,hirt,\N,Peter,Hirt,1910-03-30,Swiss
722,carini,\N,Piero,Carini,1921-03-06,Italian
723,fischer,\N,Rudi,Fischer,1912-04-19,Swiss
724,ulmen,\N,Toni,Ulmen,1906-01-25,German
725,abecassis,\N,George,Abecassis,1913-03-21,British
726,george_connor,\N,George,Connor,1906-08-16,American
727,rigsby,\N,Jim,Rigsby,1923-06-06,American
728,james,\N,Joe,James,1925-05-23,American
729,schindler,\N,Bill,Schindler,1909-03-06,American
730,fonder,\N,George,Fonder,1917-06-22,American
731,banks,\N,Henry,Banks,1913-06-14,American
732,mcdowell,\N,Johnny,McDowell,1915-01-29,American
733,miller,\N,Chet,Miller,1902-07-19,American
734,ball,\N,Bobby,Ball,1925-08-26,American
735,tornaco,\N,Charles,de Tornaco,1927-06-07,Belgian
736,laurent,\N,Roger,Laurent,1913-02-21,Belgian
737,obrien,\N,Robert,O'Brien,1908-04-11,American
738,gaze,\N,Tony,Gaze,1920-02-03,Australian
739,charrington,\N,Robin,Montgomerie-Charrington,1915-06-23,British
740,comotti,\N,Franco,Comotti,1906-07-24,Italian
741,etancelin,\N,Philippe,Étancelin,1896-12-28,French
742,poore,\N,Dennis,Poore,1916-08-19,British
743,thompson,\N,Eric,Thompson,1919-11-04,British
744,downing,\N,Ken,Downing,1917-12-05,British
745,graham_whitehead,\N,Graham,Whitehead,1922-04-15,British
746,bianco,\N,Gino,Bianco,1916-07-22,Brazilian
747,murray,\N,David,Murray,1909-12-28,British
748,cantoni,\N,Eitel,Cantoni,1906-10-04,Uruguayan
749,aston,\N,Bill,Aston,1900-03-29,British
750,brudes,\N,Adolf,Brudes,1899-10-15,German
751,riess,\N,Fritz,Riess,1922-07-11,German
752,niedermayr,\N,Helmut,Niedermayr,1915-11-29,German
753,klenk,\N,Hans,Klenk,1919-10-28,German
754,balsa,\N,Marcel,Balsa,1909-01-01,French
755,schoeller,\N,Rudolf,Schoeller,1902-04-27,Swiss
756,pietsch,\N,Paul,Pietsch,1911-06-20,German
757,peters,\N,Josef,Peters,1914-09-16,German
758,lof,\N,Dries,van der Lof,1919-08-23,Dutch
759,flinterman,\N,Jan,Flinterman,1919-10-02,Dutch
760,dusio,\N,Piero,Dusio,1899-10-13,Italian
761,crespo,\N,Alberto,Crespo,1920-01-16,Argentine
762,rol,\N,Franco,Rol,1908-06-05,Italian
763,sanesi,\N,Consalvo,Sanesi,1911-03-28,Italian
764,guy_mairesse,\N,Guy,Mairesse,1910-08-10,French
765,louveau,\N,Henri,Louveau,1910-01-25,French
766,wallard,\N,Lee,Wallard,1910-09-07,American
767,forberg,\N,Carl,Forberg,1911-03-04,American
768,rose,\N,Mauri,Rose,1906-05-26,American
769,mackey,\N,Bill,Mackey,1927-12-15,American
770,green,\N,Cecil,Green,1919-09-30,American
771,walt_brown,\N,Walt,Brown,1911-12-30,American
772,hellings,\N,Mack,Hellings,1915-09-14,American
773,levegh,\N,Pierre,Levegh,1905-12-22,French
774,chaboud,\N,Eugène,Chaboud,1907-04-12,French
775,gordini,\N,Aldo,Gordini,1921-05-20,French
776,kelly,\N,Joe,Kelly,1913-03-13,Irish
777,parker,\N,Philip,Fotheringham-Parker,1907-09-22,British
778,shawe_taylor,\N,Brian,Shawe Taylor,1915-01-28,British
779,john_james,\N,John,James,1914-05-10,British
780,branca,\N,Toni,Branca,1916-09-15,Swiss
781,richardson,\N,Ken,Richardson,1911-08-21,British
782,jover,\N,Juan,Jover,1903-11-23,Spanish
783,grignard,\N,Georges,Grignard,1905-07-25,French
784,hampshire,\N,David,Hampshire,1917-12-29,British
785,crossley,\N,Geoff,Crossley,1921-05-11,British
786,fagioli,\N,Luigi,Fagioli,1898-06-09,Italian
787,harrison,\N,Cuth,Harrison,1906-07-06,British
788,fry,\N,Joe,Fry,1915-10-26,British
789,martin,\N,Eugène,Martin,1915-03-24,French
790,leslie_johnson,\N,Leslie,Johnson,1912-03-22,British
791,biondetti,\N,Clemente,Biondetti,1898-08-18,Italian
792,pian,\N,Alfredo,Pián,1912-10-21,Argentine
793,sommer,\N,Raymond,Sommer,1906-08-31,French
794,chitwood,\N,Joie,Chitwood,1912-04-14,American
795,fohr,\N,Myron,Fohr,1912-06-17,American
796,ader,\N,Walt,Ader,1913-12-15,American
797,holmes,\N,Jackie,Holmes,1920-09-04,American
798,levrett,\N,Bayliss,Levrett,1914-02-14,American
799,jackson,\N,Jimmy,Jackson,1910-07-25,American
800,pagani,\N,Nello,Pagani,1911-10-11,Italian
801,pozzi,\N,Charles,Pozzi,1909-08-27,French
802,serafini,\N,Dorino,Serafini,1909-07-22,Italian
803,cantrell,\N,Bill,Cantrell,1908-01-31,American
804,mantz,\N,Johnny,Mantz,1918-09-18,American
805,kladis,\N,Danny,Kladis,1917-02-10,American
806,oscar_gonzalez,\N,Óscar,González,1923-11-10,Uruguayan
807,hulkenberg,HUL,Nico,Hülkenberg,1987-08-19,German
808,petrov,PET,Vitaly,Petrov,1984-09-08,Russian
809,grassi,DIG,Lucas,di Grassi,1984-08-11,Brazilian
810,bruno_senna,SEN,Bruno,Senna,1983-10-15,Brazilian
811,chandhok,CHA,Karun,Chandhok,1984-01-19,Indian
812,maldonado,MAL,Pastor,Maldonado,1985-03-09,Venezuelan
813,resta,DIR,Paul,di Resta,1986-04-16,British
814,perez,PER,Sergio,Pérez,1990-01-26,Mexican
815,ambrosio,DAM,Jérôme,d'Ambrosio,1985-12-27,Belgian
816,ricciardo,RIC,Daniel,Ricciardo,1989-07-01,Australian
817,vergne,VER,Jean-Éric,Vergne,1990-04-25,French
818,pic,PIC,Charles,Pic,1990-02-15,French
819,chilton,CHI,Max,Chilton,1991-04-21,British
820,gutierrez,GUT,Esteban,Gutiérrez,1991-08-05,Mexican
821,bottas,BOT,Valtteri,Bottas,1989-08-28,Finnish
822,garde,VDG,Giedo,van der Garde,1985-04-25,Dutch
823,jules_bianchi,BIA,Jules,Bianchi,1989-08-03,French
824,kevin_magnussen,MAG,Kevin,Magnussen,1992-10-05,Danish
825,kvyat,KVY,Daniil,Kvyat,1994-04-26,Russian
826,lotterer,LOT,André,Lotterer,1981-11-19,German
827,ericsson,ERI,Marcus,Ericsson,1990-09-02,Swedish
828,stevens,STE,Will,Stevens,1991-06-28,British
829,max_verstappen,VER,Max,Verstappen,1997-09-30,Dutch
830,nasr,NAS,Felipe,Nasr,1992-08-21,Brazilian
831,sainz,SAI,Carlos,Sainz,1994-09-01,Spanish
832,merhi,MER,Roberto,Merhi,1991-03-22,Spanish
833,rossi,RSS,Alexander,Rossi,1991-09-25,American
834,jolyon_palmer,PAL,Jolyon,Palmer,1991-01-20,British
835,wehrlein,WEH,Pascal,Wehrlein,1994-10-18,German
836,haryanto,HAR,Rio,Haryanto,1993-01-22,Indonesian
837,vandoorne,VAN,Stoffel,Vandoorne,1992-03-26,Belgian
838,ocon,OCO,Esteban,Ocon,1996-09-17,French
839,stroll,STR,Lance,Stroll,1998-10-29,Canadian
840,giovinazzi,GIO,Antonio,Giovinazzi,1993-12-14,Italian
841,brendon_hartley,HAR,Brendon,Hartley,1989-11-10,New Zealander
842,leclerc,LEC,Charles,Leclerc,1997-10-16,Monegasque
843,sirotkin,SIR,Sergey,Sirotkin,1995-08-27,Russian
844,norris,NOR,Lando,Norris,1999-11-13,British
845,russell,RUS,George,Russell,1998-02-15,British
846,albon,ALB,Alexander,Albon,1996-03-23,Thai
847,latifi,LAT,Nicholas,Latifi,1995-06-29,Canadian
848,pietro_fittipaldi,FIT,Pietro,Fittipaldi,1996-06-25,Brazilian
849,aitken,AIT,Jack,Aitken,1995-09-23,British
850,tsunoda,TSU,Yuki,Tsunoda,2000-05-11,Japanese
851,mazepin,MAZ,Nikita,Mazepin,1999-03-02,Russian
852,mick_schumacher,MSC,Mick,Schumacher,1999-03-22,German
853,zhou,ZHO,Guanyu,Zhou,1999-05-30,Chinese
854,de_vries,DEV,Nyck,de Vries,1995-02-06,Dutch
855,piastri,PIA,Oscar,Piastri,2001-04-06,Australian
856,sargeant,SAR,Logan,Sargeant,2000-12-31,American
