raceId,year,round,circuitId,name,date,time
0,1950,1,8,British Grand Prix,1950-05-13 00:00:00,00:00:00
1,1950,2,5,Monaco Grand Prix,1950-05-21 00:00:00,00:00:00
2,1950,3,18,Indianapolis 500,1950-05-30 00:00:00,00:00:00
3,1950,4,65,Swiss Grand Prix,1950-06-04 00:00:00,00:00:00
4,1950,5,12,Belgian Grand Prix,1950-06-18 00:00:00,00:00:00
5,1950,6,54,French Grand Prix,1950-07-02 00:00:00,00:00:00
6,1950,7,13,Italian Grand Prix,1950-09-03 00:00:00,00:00:00
7,1951,1,65,Swiss Grand Prix,1951-05-27 00:00:00,00:00:00
8,1951,2,18,Indianapolis 500,1951-05-30 00:00:00,00:00:00
9,1951,3,12,Belgian Grand Prix,1951-06-17 00:00:00,00:00:00
10,1951,4,54,French Grand Prix,1951-07-01 00:00:00,00:00:00
11,1951,5,8,British Grand Prix,1951-07-14 00:00:00,00:00:00
12,1951,6,19,German Grand Prix,1951-07-29 00:00:00,00:00:00
13,1951,7,13,Italian Grand Prix,1951-09-16 00:00:00,00:00:00
14,1951,8,66,Spanish Grand Prix,1951-10-28 00:00:00,00:00:00
15,1952,1,65,Swiss Grand Prix,1952-05-18 00:00:00,00:00:00
16,1952,2,18,Indianapolis 500,1952-05-30 00:00:00,00:00:00
17,1952,3,12,Belgian Grand Prix,1952-06-22 00:00:00,00:00:00
18,1952,4,52,French Grand Prix,1952-07-06 00:00:00,00:00:00
19,1952,5,8,British Grand Prix,1952-07-19 00:00:00,00:00:00
20,1952,6,19,German Grand Prix,1952-08-03 00:00:00,00:00:00
21,1952,7,38,Dutch Grand Prix,1952-08-17 00:00:00,00:00:00
22,1952,8,13,Italian Grand Prix,1952-09-07 00:00:00,00:00:00
23,1953,1,24,Argentine Grand Prix,1953-01-18 00:00:00,00:00:00
24,1953,2,18,Indianapolis 500,1953-05-30 00:00:00,00:00:00
25,1953,3,38,Dutch Grand Prix,1953-06-07 00:00:00,00:00:00
26,1953,4,12,Belgian Grand Prix,1953-06-21 00:00:00,00:00:00
27,1953,5,54,French Grand Prix,1953-07-05 00:00:00,00:00:00
28,1953,6,8,British Grand Prix,1953-07-18 00:00:00,00:00:00
29,1953,7,19,German Grand Prix,1953-08-02 00:00:00,00:00:00
30,1953,8,65,Swiss Grand Prix,1953-08-23 00:00:00,00:00:00
31,1953,9,13,Italian Grand Prix,1953-09-13 00:00:00,00:00:00
32,1954,1,24,Argentine Grand Prix,1954-01-17 00:00:00,00:00:00
33,1954,2,18,Indianapolis 500,1954-05-31 00:00:00,00:00:00
34,1954,3,12,Belgian Grand Prix,1954-06-20 00:00:00,00:00:00
35,1954,4,54,French Grand Prix,1954-07-04 00:00:00,00:00:00
36,1954,5,8,British Grand Prix,1954-07-17 00:00:00,00:00:00
37,1954,6,19,German Grand Prix,1954-08-01 00:00:00,00:00:00
38,1954,7,65,Swiss Grand Prix,1954-08-22 00:00:00,00:00:00
39,1954,8,13,Italian Grand Prix,1954-09-05 00:00:00,00:00:00
40,1954,9,66,Spanish Grand Prix,1954-10-24 00:00:00,00:00:00
41,1955,1,24,Argentine Grand Prix,1955-01-16 00:00:00,00:00:00
42,1955,2,5,Monaco Grand Prix,1955-05-22 00:00:00,00:00:00
43,1955,3,18,Indianapolis 500,1955-05-30 00:00:00,00:00:00
44,1955,4,12,Belgian Grand Prix,1955-06-05 00:00:00,00:00:00
45,1955,5,38,Dutch Grand Prix,1955-06-19 00:00:00,00:00:00
46,1955,6,57,British Grand Prix,1955-07-16 00:00:00,00:00:00
47,1955,7,13,Italian Grand Prix,1955-09-11 00:00:00,00:00:00
48,1956,1,24,Argentine Grand Prix,1956-01-22 00:00:00,00:00:00
49,1956,2,5,Monaco Grand Prix,1956-05-13 00:00:00,00:00:00
50,1956,3,18,Indianapolis 500,1956-05-30 00:00:00,00:00:00
51,1956,4,12,Belgian Grand Prix,1956-06-03 00:00:00,00:00:00
52,1956,5,54,French Grand Prix,1956-07-01 00:00:00,00:00:00
53,1956,6,8,British Grand Prix,1956-07-14 00:00:00,00:00:00
54,1956,7,19,German Grand Prix,1956-08-05 00:00:00,00:00:00
55,1956,8,13,Italian Grand Prix,1956-09-02 00:00:00,00:00:00
56,1957,1,24,Argentine Grand Prix,1957-01-13 00:00:00,00:00:00
57,1957,2,5,Monaco Grand Prix,1957-05-19 00:00:00,00:00:00
58,1957,3,18,Indianapolis 500,1957-05-30 00:00:00,00:00:00
59,1957,4,52,French Grand Prix,1957-07-07 00:00:00,00:00:00
60,1957,5,57,British Grand Prix,1957-07-20 00:00:00,00:00:00
61,1957,6,19,German Grand Prix,1957-08-04 00:00:00,00:00:00
62,1957,7,64,Pescara Grand Prix,1957-08-18 00:00:00,00:00:00
63,1957,8,13,Italian Grand Prix,1957-09-08 00:00:00,00:00:00
64,1958,1,24,Argentine Grand Prix,1958-01-19 00:00:00,00:00:00
65,1958,2,5,Monaco Grand Prix,1958-05-18 00:00:00,00:00:00
66,1958,3,38,Dutch Grand Prix,1958-05-26 00:00:00,00:00:00
67,1958,4,18,Indianapolis 500,1958-05-30 00:00:00,00:00:00
68,1958,5,12,Belgian Grand Prix,1958-06-15 00:00:00,00:00:00
69,1958,6,54,French Grand Prix,1958-07-06 00:00:00,00:00:00
70,1958,7,8,British Grand Prix,1958-07-19 00:00:00,00:00:00
71,1958,8,19,German Grand Prix,1958-08-03 00:00:00,00:00:00
72,1958,9,58,Portuguese Grand Prix,1958-08-24 00:00:00,00:00:00
73,1958,10,13,Italian Grand Prix,1958-09-07 00:00:00,00:00:00
74,1958,11,63,Moroccan Grand Prix,1958-10-19 00:00:00,00:00:00
75,1959,1,5,Monaco Grand Prix,1959-05-10 00:00:00,00:00:00
76,1959,2,18,Indianapolis 500,1959-05-30 00:00:00,00:00:00
77,1959,3,38,Dutch Grand Prix,1959-05-31 00:00:00,00:00:00
78,1959,4,54,French Grand Prix,1959-07-05 00:00:00,00:00:00
79,1959,5,57,British Grand Prix,1959-07-18 00:00:00,00:00:00
80,1959,6,60,German Grand Prix,1959-08-02 00:00:00,00:00:00
81,1959,7,61,Portuguese Grand Prix,1959-08-23 00:00:00,00:00:00
82,1959,8,13,Italian Grand Prix,1959-09-13 00:00:00,00:00:00
83,1959,9,62,United States Grand Prix,1959-12-12 00:00:00,00:00:00
84,1960,1,24,Argentine Grand Prix,1960-02-07 00:00:00,00:00:00
85,1960,2,5,Monaco Grand Prix,1960-05-29 00:00:00,00:00:00
86,1960,3,18,Indianapolis 500,1960-05-30 00:00:00,00:00:00
87,1960,4,38,Dutch Grand Prix,1960-06-06 00:00:00,00:00:00
88,1960,5,12,Belgian Grand Prix,1960-06-19 00:00:00,00:00:00
89,1960,6,54,French Grand Prix,1960-07-03 00:00:00,00:00:00
90,1960,7,8,British Grand Prix,1960-07-16 00:00:00,00:00:00
91,1960,8,58,Portuguese Grand Prix,1960-08-14 00:00:00,00:00:00
92,1960,9,13,Italian Grand Prix,1960-09-04 00:00:00,00:00:00
93,1960,10,59,United States Grand Prix,1960-11-20 00:00:00,00:00:00
94,1961,1,5,Monaco Grand Prix,1961-05-14 00:00:00,00:00:00
95,1961,2,38,Dutch Grand Prix,1961-05-22 00:00:00,00:00:00
96,1961,3,12,Belgian Grand Prix,1961-06-18 00:00:00,00:00:00
97,1961,4,54,French Grand Prix,1961-07-02 00:00:00,00:00:00
98,1961,5,57,British Grand Prix,1961-07-15 00:00:00,00:00:00
99,1961,6,19,German Grand Prix,1961-08-06 00:00:00,00:00:00
100,1961,7,13,Italian Grand Prix,1961-09-10 00:00:00,00:00:00
101,1961,8,45,United States Grand Prix,1961-10-08 00:00:00,00:00:00
102,1962,1,38,Dutch Grand Prix,1962-05-20 00:00:00,00:00:00
103,1962,2,5,Monaco Grand Prix,1962-06-03 00:00:00,00:00:00
104,1962,3,12,Belgian Grand Prix,1962-06-17 00:00:00,00:00:00
105,1962,4,52,French Grand Prix,1962-07-08 00:00:00,00:00:00
106,1962,5,57,British Grand Prix,1962-07-21 00:00:00,00:00:00
107,1962,6,19,German Grand Prix,1962-08-05 00:00:00,00:00:00
108,1962,7,13,Italian Grand Prix,1962-09-16 00:00:00,00:00:00
109,1962,8,45,United States Grand Prix,1962-10-07 00:00:00,00:00:00
110,1962,9,55,South African Grand Prix,1962-12-29 00:00:00,00:00:00
111,1963,1,5,Monaco Grand Prix,1963-05-26 00:00:00,00:00:00
112,1963,2,12,Belgian Grand Prix,1963-06-09 00:00:00,00:00:00
113,1963,3,38,Dutch Grand Prix,1963-06-23 00:00:00,00:00:00
114,1963,4,54,French Grand Prix,1963-06-30 00:00:00,00:00:00
115,1963,5,8,British Grand Prix,1963-07-20 00:00:00,00:00:00
116,1963,6,19,German Grand Prix,1963-08-04 00:00:00,00:00:00
117,1963,7,13,Italian Grand Prix,1963-09-08 00:00:00,00:00:00
118,1963,8,45,United States Grand Prix,1963-10-06 00:00:00,00:00:00
119,1963,9,31,Mexican Grand Prix,1963-10-27 00:00:00,00:00:00
120,1963,10,55,South African Grand Prix,1963-12-28 00:00:00,00:00:00
121,1964,1,5,Monaco Grand Prix,1964-05-10 00:00:00,00:00:00
122,1964,2,38,Dutch Grand Prix,1964-05-24 00:00:00,00:00:00
123,1964,3,12,Belgian Grand Prix,1964-06-14 00:00:00,00:00:00
124,1964,4,52,French Grand Prix,1964-06-28 00:00:00,00:00:00
125,1964,5,37,British Grand Prix,1964-07-11 00:00:00,00:00:00
126,1964,6,19,German Grand Prix,1964-08-02 00:00:00,00:00:00
127,1964,7,56,Austrian Grand Prix,1964-08-23 00:00:00,00:00:00
128,1964,8,13,Italian Grand Prix,1964-09-06 00:00:00,00:00:00
129,1964,9,45,United States Grand Prix,1964-10-04 00:00:00,00:00:00
130,1964,10,31,Mexican Grand Prix,1964-10-25 00:00:00,00:00:00
131,1965,1,55,South African Grand Prix,1965-01-01 00:00:00,00:00:00
132,1965,2,5,Monaco Grand Prix,1965-05-30 00:00:00,00:00:00
133,1965,3,12,Belgian Grand Prix,1965-06-13 00:00:00,00:00:00
134,1965,4,50,French Grand Prix,1965-06-27 00:00:00,00:00:00
135,1965,5,8,British Grand Prix,1965-07-10 00:00:00,00:00:00
136,1965,6,38,Dutch Grand Prix,1965-07-18 00:00:00,00:00:00
137,1965,7,19,German Grand Prix,1965-08-01 00:00:00,00:00:00
138,1965,8,13,Italian Grand Prix,1965-09-12 00:00:00,00:00:00
139,1965,9,45,United States Grand Prix,1965-10-03 00:00:00,00:00:00
140,1965,10,31,Mexican Grand Prix,1965-10-24 00:00:00,00:00:00
141,1966,1,5,Monaco Grand Prix,1966-05-22 00:00:00,00:00:00
142,1966,2,12,Belgian Grand Prix,1966-06-12 00:00:00,00:00:00
143,1966,3,54,French Grand Prix,1966-07-03 00:00:00,00:00:00
144,1966,4,37,British Grand Prix,1966-07-16 00:00:00,00:00:00
145,1966,5,38,Dutch Grand Prix,1966-07-24 00:00:00,00:00:00
146,1966,6,19,German Grand Prix,1966-08-07 00:00:00,00:00:00
147,1966,7,13,Italian Grand Prix,1966-09-04 00:00:00,00:00:00
148,1966,8,45,United States Grand Prix,1966-10-02 00:00:00,00:00:00
149,1966,9,31,Mexican Grand Prix,1966-10-23 00:00:00,00:00:00
150,1967,1,29,South African Grand Prix,1967-01-02 00:00:00,00:00:00
151,1967,2,5,Monaco Grand Prix,1967-05-07 00:00:00,00:00:00
152,1967,3,38,Dutch Grand Prix,1967-06-04 00:00:00,00:00:00
153,1967,4,12,Belgian Grand Prix,1967-06-18 00:00:00,00:00:00
154,1967,5,53,French Grand Prix,1967-07-02 00:00:00,00:00:00
155,1967,6,8,British Grand Prix,1967-07-15 00:00:00,00:00:00
156,1967,7,19,German Grand Prix,1967-08-06 00:00:00,00:00:00
157,1967,8,47,Canadian Grand Prix,1967-08-27 00:00:00,00:00:00
158,1967,9,13,Italian Grand Prix,1967-09-10 00:00:00,00:00:00
159,1967,10,45,United States Grand Prix,1967-10-01 00:00:00,00:00:00
160,1967,11,31,Mexican Grand Prix,1967-10-22 00:00:00,00:00:00
161,1968,1,29,South African Grand Prix,1968-01-01 00:00:00,00:00:00
162,1968,2,44,Spanish Grand Prix,1968-05-12 00:00:00,00:00:00
163,1968,3,5,Monaco Grand Prix,1968-05-26 00:00:00,00:00:00
164,1968,4,12,Belgian Grand Prix,1968-06-09 00:00:00,00:00:00
165,1968,5,38,Dutch Grand Prix,1968-06-23 00:00:00,00:00:00
166,1968,6,52,French Grand Prix,1968-07-07 00:00:00,00:00:00
167,1968,7,37,British Grand Prix,1968-07-20 00:00:00,00:00:00
168,1968,8,19,German Grand Prix,1968-08-04 00:00:00,00:00:00
169,1968,9,13,Italian Grand Prix,1968-09-08 00:00:00,00:00:00
170,1968,10,51,Canadian Grand Prix,1968-09-22 00:00:00,00:00:00
171,1968,11,45,United States Grand Prix,1968-10-06 00:00:00,00:00:00
172,1968,12,31,Mexican Grand Prix,1968-11-03 00:00:00,00:00:00
173,1969,1,29,South African Grand Prix,1969-03-01 00:00:00,00:00:00
174,1969,2,48,Spanish Grand Prix,1969-05-04 00:00:00,00:00:00
175,1969,3,5,Monaco Grand Prix,1969-05-18 00:00:00,00:00:00
176,1969,4,38,Dutch Grand Prix,1969-06-21 00:00:00,00:00:00
177,1969,5,50,French Grand Prix,1969-07-06 00:00:00,00:00:00
178,1969,6,8,British Grand Prix,1969-07-19 00:00:00,00:00:00
179,1969,7,19,German Grand Prix,1969-08-03 00:00:00,00:00:00
180,1969,8,13,Italian Grand Prix,1969-09-07 00:00:00,00:00:00
181,1969,9,47,Canadian Grand Prix,1969-09-20 00:00:00,00:00:00
182,1969,10,45,United States Grand Prix,1969-10-05 00:00:00,00:00:00
183,1969,11,31,Mexican Grand Prix,1969-10-19 00:00:00,00:00:00
184,1970,1,29,South African Grand Prix,1970-03-07 00:00:00,00:00:00
185,1970,2,44,Spanish Grand Prix,1970-04-19 00:00:00,00:00:00
186,1970,3,5,Monaco Grand Prix,1970-05-10 00:00:00,00:00:00
187,1970,4,12,Belgian Grand Prix,1970-06-07 00:00:00,00:00:00
188,1970,5,38,Dutch Grand Prix,1970-06-21 00:00:00,00:00:00
189,1970,6,50,French Grand Prix,1970-07-05 00:00:00,00:00:00
190,1970,7,37,British Grand Prix,1970-07-18 00:00:00,00:00:00
191,1970,8,9,German Grand Prix,1970-08-02 00:00:00,00:00:00
192,1970,9,69,Austrian Grand Prix,1970-08-16 00:00:00,00:00:00
193,1970,10,13,Italian Grand Prix,1970-09-06 00:00:00,00:00:00
194,1970,11,51,Canadian Grand Prix,1970-09-20 00:00:00,00:00:00
195,1970,12,45,United States Grand Prix,1970-10-04 00:00:00,00:00:00
196,1970,13,31,Mexican Grand Prix,1970-10-25 00:00:00,00:00:00
197,1971,1,29,South African Grand Prix,1971-03-06 00:00:00,00:00:00
198,1971,2,48,Spanish Grand Prix,1971-04-18 00:00:00,00:00:00
199,1971,3,5,Monaco Grand Prix,1971-05-23 00:00:00,00:00:00
200,1971,4,38,Dutch Grand Prix,1971-06-20 00:00:00,00:00:00
201,1971,5,33,French Grand Prix,1971-07-04 00:00:00,00:00:00
202,1971,6,8,British Grand Prix,1971-07-17 00:00:00,00:00:00
203,1971,7,19,German Grand Prix,1971-08-01 00:00:00,00:00:00
204,1971,8,69,Austrian Grand Prix,1971-08-15 00:00:00,00:00:00
205,1971,9,13,Italian Grand Prix,1971-09-05 00:00:00,00:00:00
206,1971,10,47,Canadian Grand Prix,1971-09-19 00:00:00,00:00:00
207,1971,11,45,United States Grand Prix,1971-10-03 00:00:00,00:00:00
208,1972,1,24,Argentine Grand Prix,1972-01-23 00:00:00,00:00:00
209,1972,2,29,South African Grand Prix,1972-03-04 00:00:00,00:00:00
210,1972,3,44,Spanish Grand Prix,1972-05-01 00:00:00,00:00:00
211,1972,4,5,Monaco Grand Prix,1972-05-14 00:00:00,00:00:00
212,1972,5,49,Belgian Grand Prix,1972-06-04 00:00:00,00:00:00
213,1972,6,50,French Grand Prix,1972-07-02 00:00:00,00:00:00
214,1972,7,37,British Grand Prix,1972-07-15 00:00:00,00:00:00
215,1972,8,19,German Grand Prix,1972-07-30 00:00:00,00:00:00
216,1972,9,69,Austrian Grand Prix,1972-08-13 00:00:00,00:00:00
217,1972,10,13,Italian Grand Prix,1972-09-10 00:00:00,00:00:00
218,1972,11,47,Canadian Grand Prix,1972-09-24 00:00:00,00:00:00
219,1972,12,45,United States Grand Prix,1972-10-08 00:00:00,00:00:00
220,1973,1,24,Argentine Grand Prix,1973-01-28 00:00:00,00:00:00
221,1973,2,17,Brazilian Grand Prix,1973-02-11 00:00:00,00:00:00
222,1973,3,29,South African Grand Prix,1973-03-03 00:00:00,00:00:00
223,1973,4,48,Spanish Grand Prix,1973-04-29 00:00:00,00:00:00
224,1973,5,39,Belgian Grand Prix,1973-05-20 00:00:00,00:00:00
225,1973,6,5,Monaco Grand Prix,1973-06-03 00:00:00,00:00:00
226,1973,7,46,Swedish Grand Prix,1973-06-17 00:00:00,00:00:00
227,1973,8,33,French Grand Prix,1973-07-01 00:00:00,00:00:00
228,1973,9,8,British Grand Prix,1973-07-14 00:00:00,00:00:00
229,1973,10,38,Dutch Grand Prix,1973-07-29 00:00:00,00:00:00
230,1973,11,19,German Grand Prix,1973-08-05 00:00:00,00:00:00
231,1973,12,69,Austrian Grand Prix,1973-08-19 00:00:00,00:00:00
232,1973,13,13,Italian Grand Prix,1973-09-09 00:00:00,00:00:00
233,1973,14,47,Canadian Grand Prix,1973-09-23 00:00:00,00:00:00
234,1973,15,45,United States Grand Prix,1973-10-07 00:00:00,00:00:00
235,1974,1,24,Argentine Grand Prix,1974-01-13 00:00:00,00:00:00
236,1974,2,17,Brazilian Grand Prix,1974-01-27 00:00:00,00:00:00
237,1974,3,29,South African Grand Prix,1974-03-30 00:00:00,00:00:00
238,1974,4,44,Spanish Grand Prix,1974-04-28 00:00:00,00:00:00
239,1974,5,49,Belgian Grand Prix,1974-05-12 00:00:00,00:00:00
240,1974,6,5,Monaco Grand Prix,1974-05-26 00:00:00,00:00:00
241,1974,7,46,Swedish Grand Prix,1974-06-09 00:00:00,00:00:00
242,1974,8,38,Dutch Grand Prix,1974-06-23 00:00:00,00:00:00
243,1974,9,40,French Grand Prix,1974-07-07 00:00:00,00:00:00
244,1974,10,37,British Grand Prix,1974-07-20 00:00:00,00:00:00
245,1974,11,19,German Grand Prix,1974-08-04 00:00:00,00:00:00
246,1974,12,69,Austrian Grand Prix,1974-08-18 00:00:00,00:00:00
247,1974,13,13,Italian Grand Prix,1974-09-08 00:00:00,00:00:00
248,1974,14,47,Canadian Grand Prix,1974-09-22 00:00:00,00:00:00
249,1974,15,45,United States Grand Prix,1974-10-06 00:00:00,00:00:00
250,1975,1,24,Argentine Grand Prix,1975-01-12 00:00:00,00:00:00
251,1975,2,17,Brazilian Grand Prix,1975-01-26 00:00:00,00:00:00
252,1975,3,29,South African Grand Prix,1975-03-01 00:00:00,00:00:00
253,1975,4,48,Spanish Grand Prix,1975-04-27 00:00:00,00:00:00
254,1975,5,5,Monaco Grand Prix,1975-05-11 00:00:00,00:00:00
255,1975,6,39,Belgian Grand Prix,1975-05-25 00:00:00,00:00:00
256,1975,7,46,Swedish Grand Prix,1975-06-08 00:00:00,00:00:00
257,1975,8,38,Dutch Grand Prix,1975-06-22 00:00:00,00:00:00
258,1975,9,33,French Grand Prix,1975-07-06 00:00:00,00:00:00
259,1975,10,8,British Grand Prix,1975-07-19 00:00:00,00:00:00
260,1975,11,19,German Grand Prix,1975-08-03 00:00:00,00:00:00
261,1975,12,69,Austrian Grand Prix,1975-08-17 00:00:00,00:00:00
262,1975,13,13,Italian Grand Prix,1975-09-07 00:00:00,00:00:00
263,1975,14,45,United States Grand Prix,1975-10-05 00:00:00,00:00:00
264,1976,1,17,Brazilian Grand Prix,1976-01-25 00:00:00,00:00:00
265,1976,2,29,South African Grand Prix,1976-03-06 00:00:00,00:00:00
266,1976,3,42,United States Grand Prix West,1976-03-28 00:00:00,00:00:00
267,1976,4,44,Spanish Grand Prix,1976-05-02 00:00:00,00:00:00
268,1976,5,39,Belgian Grand Prix,1976-05-16 00:00:00,00:00:00
269,1976,6,5,Monaco Grand Prix,1976-05-30 00:00:00,00:00:00
270,1976,7,46,Swedish Grand Prix,1976-06-13 00:00:00,00:00:00
271,1976,8,33,French Grand Prix,1976-07-04 00:00:00,00:00:00
272,1976,9,37,British Grand Prix,1976-07-18 00:00:00,00:00:00
273,1976,10,19,German Grand Prix,1976-08-01 00:00:00,00:00:00
274,1976,11,69,Austrian Grand Prix,1976-08-15 00:00:00,00:00:00
275,1976,12,38,Dutch Grand Prix,1976-08-29 00:00:00,00:00:00
276,1976,13,13,Italian Grand Prix,1976-09-12 00:00:00,00:00:00
277,1976,14,47,Canadian Grand Prix,1976-10-03 00:00:00,00:00:00
278,1976,15,45,United States Grand Prix,1976-10-10 00:00:00,00:00:00
279,1976,16,15,Japanese Grand Prix,1976-10-24 00:00:00,00:00:00
280,1977,1,24,Argentine Grand Prix,1977-01-09 00:00:00,00:00:00
281,1977,2,17,Brazilian Grand Prix,1977-01-23 00:00:00,00:00:00
282,1977,3,29,South African Grand Prix,1977-03-05 00:00:00,00:00:00
283,1977,4,42,United States Grand Prix West,1977-04-03 00:00:00,00:00:00
284,1977,5,44,Spanish Grand Prix,1977-05-08 00:00:00,00:00:00
285,1977,6,5,Monaco Grand Prix,1977-05-22 00:00:00,00:00:00
286,1977,7,39,Belgian Grand Prix,1977-06-05 00:00:00,00:00:00
287,1977,8,46,Swedish Grand Prix,1977-06-19 00:00:00,00:00:00
288,1977,9,40,French Grand Prix,1977-07-03 00:00:00,00:00:00
289,1977,10,8,British Grand Prix,1977-07-16 00:00:00,00:00:00
290,1977,11,9,German Grand Prix,1977-07-31 00:00:00,00:00:00
291,1977,12,69,Austrian Grand Prix,1977-08-14 00:00:00,00:00:00
292,1977,13,38,Dutch Grand Prix,1977-08-28 00:00:00,00:00:00
293,1977,14,13,Italian Grand Prix,1977-09-11 00:00:00,00:00:00
294,1977,15,45,United States Grand Prix,1977-10-02 00:00:00,00:00:00
295,1977,16,47,Canadian Grand Prix,1977-10-09 00:00:00,00:00:00
296,1977,17,15,Japanese Grand Prix,1977-10-23 00:00:00,00:00:00
297,1978,1,24,Argentine Grand Prix,1978-01-15 00:00:00,00:00:00
298,1978,2,35,Brazilian Grand Prix,1978-01-29 00:00:00,00:00:00
299,1978,3,29,South African Grand Prix,1978-03-04 00:00:00,00:00:00
300,1978,4,42,United States Grand Prix West,1978-04-02 00:00:00,00:00:00
301,1978,5,5,Monaco Grand Prix,1978-05-07 00:00:00,00:00:00
302,1978,6,39,Belgian Grand Prix,1978-05-21 00:00:00,00:00:00
303,1978,7,44,Spanish Grand Prix,1978-06-04 00:00:00,00:00:00
304,1978,8,46,Swedish Grand Prix,1978-06-17 00:00:00,00:00:00
305,1978,9,33,French Grand Prix,1978-07-02 00:00:00,00:00:00
306,1978,10,37,British Grand Prix,1978-07-16 00:00:00,00:00:00
307,1978,11,9,German Grand Prix,1978-07-30 00:00:00,00:00:00
308,1978,12,69,Austrian Grand Prix,1978-08-13 00:00:00,00:00:00
309,1978,13,38,Dutch Grand Prix,1978-08-27 00:00:00,00:00:00
310,1978,14,13,Italian Grand Prix,1978-09-10 00:00:00,00:00:00
311,1978,15,45,United States Grand Prix,1978-10-01 00:00:00,00:00:00
312,1978,16,6,Canadian Grand Prix,1978-10-08 00:00:00,00:00:00
313,1979,1,24,Argentine Grand Prix,1979-01-21 00:00:00,00:00:00
314,1979,2,17,Brazilian Grand Prix,1979-02-04 00:00:00,00:00:00
315,1979,3,29,South African Grand Prix,1979-03-03 00:00:00,00:00:00
316,1979,4,42,United States Grand Prix West,1979-04-08 00:00:00,00:00:00
317,1979,5,44,Spanish Grand Prix,1979-04-29 00:00:00,00:00:00
318,1979,6,39,Belgian Grand Prix,1979-05-13 00:00:00,00:00:00
319,1979,7,5,Monaco Grand Prix,1979-05-27 00:00:00,00:00:00
320,1979,8,40,French Grand Prix,1979-07-01 00:00:00,00:00:00
321,1979,9,8,British Grand Prix,1979-07-14 00:00:00,00:00:00
322,1979,10,9,German Grand Prix,1979-07-29 00:00:00,00:00:00
323,1979,11,69,Austrian Grand Prix,1979-08-12 00:00:00,00:00:00
324,1979,12,38,Dutch Grand Prix,1979-08-26 00:00:00,00:00:00
325,1979,13,13,Italian Grand Prix,1979-09-09 00:00:00,00:00:00
326,1979,14,6,Canadian Grand Prix,1979-09-30 00:00:00,00:00:00
327,1979,15,45,United States Grand Prix,1979-10-07 00:00:00,00:00:00
328,1980,1,24,Argentine Grand Prix,1980-01-13 00:00:00,00:00:00
329,1980,2,17,Brazilian Grand Prix,1980-01-27 00:00:00,00:00:00
330,1980,3,29,South African Grand Prix,1980-03-01 00:00:00,00:00:00
331,1980,4,42,United States Grand Prix West,1980-03-30 00:00:00,00:00:00
332,1980,5,39,Belgian Grand Prix,1980-05-04 00:00:00,00:00:00
333,1980,6,5,Monaco Grand Prix,1980-05-18 00:00:00,00:00:00
334,1980,7,33,French Grand Prix,1980-06-29 00:00:00,00:00:00
335,1980,8,37,British Grand Prix,1980-07-13 00:00:00,00:00:00
336,1980,9,9,German Grand Prix,1980-08-10 00:00:00,00:00:00
337,1980,10,69,Austrian Grand Prix,1980-08-17 00:00:00,00:00:00
338,1980,11,38,Dutch Grand Prix,1980-08-31 00:00:00,00:00:00
339,1980,12,20,Italian Grand Prix,1980-09-14 00:00:00,00:00:00
340,1980,13,6,Canadian Grand Prix,1980-09-28 00:00:00,00:00:00
341,1980,14,45,United States Grand Prix,1980-10-05 00:00:00,00:00:00
342,1981,1,42,United States Grand Prix West,1981-03-15 00:00:00,00:00:00
343,1981,2,35,Brazilian Grand Prix,1981-03-29 00:00:00,00:00:00
344,1981,3,24,Argentine Grand Prix,1981-04-12 00:00:00,00:00:00
345,1981,4,20,San Marino Grand Prix,1981-05-03 00:00:00,00:00:00
346,1981,5,39,Belgian Grand Prix,1981-05-17 00:00:00,00:00:00
347,1981,6,5,Monaco Grand Prix,1981-05-31 00:00:00,00:00:00
348,1981,7,44,Spanish Grand Prix,1981-06-21 00:00:00,00:00:00
349,1981,8,40,French Grand Prix,1981-07-05 00:00:00,00:00:00
350,1981,9,8,British Grand Prix,1981-07-18 00:00:00,00:00:00
351,1981,10,9,German Grand Prix,1981-08-02 00:00:00,00:00:00
352,1981,11,69,Austrian Grand Prix,1981-08-16 00:00:00,00:00:00
353,1981,12,38,Dutch Grand Prix,1981-08-30 00:00:00,00:00:00
354,1981,13,13,Italian Grand Prix,1981-09-13 00:00:00,00:00:00
355,1981,14,6,Canadian Grand Prix,1981-09-27 00:00:00,00:00:00
356,1981,15,43,Caesars Palace Grand Prix,1981-10-17 00:00:00,00:00:00
357,1982,1,29,South African Grand Prix,1982-01-23 00:00:00,00:00:00
358,1982,2,35,Brazilian Grand Prix,1982-03-21 00:00:00,00:00:00
359,1982,3,42,United States Grand Prix West,1982-04-04 00:00:00,00:00:00
360,1982,4,20,San Marino Grand Prix,1982-04-25 00:00:00,00:00:00
361,1982,5,39,Belgian Grand Prix,1982-05-09 00:00:00,00:00:00
362,1982,6,5,Monaco Grand Prix,1982-05-23 00:00:00,00:00:00
363,1982,7,36,Detroit Grand Prix,1982-06-06 00:00:00,00:00:00
364,1982,8,6,Canadian Grand Prix,1982-06-13 00:00:00,00:00:00
365,1982,9,38,Dutch Grand Prix,1982-07-03 00:00:00,00:00:00
366,1982,10,37,British Grand Prix,1982-07-18 00:00:00,00:00:00
367,1982,11,33,French Grand Prix,1982-07-25 00:00:00,00:00:00
368,1982,12,9,German Grand Prix,1982-08-08 00:00:00,00:00:00
369,1982,13,69,Austrian Grand Prix,1982-08-15 00:00:00,00:00:00
370,1982,14,40,Swiss Grand Prix,1982-08-29 00:00:00,00:00:00
371,1982,15,13,Italian Grand Prix,1982-09-12 00:00:00,00:00:00
372,1982,16,43,Caesars Palace Grand Prix,1982-09-25 00:00:00,00:00:00
373,1983,1,35,Brazilian Grand Prix,1983-03-13 00:00:00,00:00:00
374,1983,2,42,United States Grand Prix West,1983-03-27 00:00:00,00:00:00
375,1983,3,33,French Grand Prix,1983-04-17 00:00:00,00:00:00
376,1983,4,20,San Marino Grand Prix,1983-05-01 00:00:00,00:00:00
377,1983,5,5,Monaco Grand Prix,1983-05-15 00:00:00,00:00:00
378,1983,6,12,Belgian Grand Prix,1983-05-22 00:00:00,00:00:00
379,1983,7,36,Detroit Grand Prix,1983-06-05 00:00:00,00:00:00
380,1983,8,6,Canadian Grand Prix,1983-06-12 00:00:00,00:00:00
381,1983,9,8,British Grand Prix,1983-07-16 00:00:00,00:00:00
382,1983,10,9,German Grand Prix,1983-08-07 00:00:00,00:00:00
383,1983,11,69,Austrian Grand Prix,1983-08-14 00:00:00,00:00:00
384,1983,12,38,Dutch Grand Prix,1983-08-28 00:00:00,00:00:00
385,1983,13,13,Italian Grand Prix,1983-09-11 00:00:00,00:00:00
386,1983,14,37,European Grand Prix,1983-09-25 00:00:00,00:00:00
387,1983,15,29,South African Grand Prix,1983-10-15 00:00:00,00:00:00
388,1984,1,35,Brazilian Grand Prix,1984-03-25 00:00:00,00:00:00
389,1984,2,29,South African Grand Prix,1984-04-07 00:00:00,00:00:00
390,1984,3,39,Belgian Grand Prix,1984-04-29 00:00:00,00:00:00
391,1984,4,20,San Marino Grand Prix,1984-05-06 00:00:00,00:00:00
392,1984,5,40,French Grand Prix,1984-05-20 00:00:00,00:00:00
393,1984,6,5,Monaco Grand Prix,1984-06-03 00:00:00,00:00:00
394,1984,7,6,Canadian Grand Prix,1984-06-17 00:00:00,00:00:00
395,1984,8,36,Detroit Grand Prix,1984-06-24 00:00:00,00:00:00
396,1984,9,41,Dallas Grand Prix,1984-07-08 00:00:00,00:00:00
397,1984,10,37,British Grand Prix,1984-07-22 00:00:00,00:00:00
398,1984,11,9,German Grand Prix,1984-08-05 00:00:00,00:00:00
399,1984,12,69,Austrian Grand Prix,1984-08-19 00:00:00,00:00:00
400,1984,13,38,Dutch Grand Prix,1984-08-26 00:00:00,00:00:00
401,1984,14,13,Italian Grand Prix,1984-09-09 00:00:00,00:00:00
402,1984,15,19,European Grand Prix,1984-10-07 00:00:00,00:00:00
403,1984,16,26,Portuguese Grand Prix,1984-10-21 00:00:00,00:00:00
404,1985,1,35,Brazilian Grand Prix,1985-04-07 00:00:00,00:00:00
405,1985,2,26,Portuguese Grand Prix,1985-04-21 00:00:00,00:00:00
406,1985,3,20,San Marino Grand Prix,1985-05-05 00:00:00,00:00:00
407,1985,4,5,Monaco Grand Prix,1985-05-19 00:00:00,00:00:00
408,1985,5,6,Canadian Grand Prix,1985-06-16 00:00:00,00:00:00
409,1985,6,36,Detroit Grand Prix,1985-06-23 00:00:00,00:00:00
410,1985,7,33,French Grand Prix,1985-07-07 00:00:00,00:00:00
411,1985,8,8,British Grand Prix,1985-07-21 00:00:00,00:00:00
412,1985,9,19,German Grand Prix,1985-08-04 00:00:00,00:00:00
413,1985,10,69,Austrian Grand Prix,1985-08-18 00:00:00,00:00:00
414,1985,11,38,Dutch Grand Prix,1985-08-25 00:00:00,00:00:00
415,1985,12,13,Italian Grand Prix,1985-09-08 00:00:00,00:00:00
416,1985,13,12,Belgian Grand Prix,1985-09-15 00:00:00,00:00:00
417,1985,14,37,European Grand Prix,1985-10-06 00:00:00,00:00:00
418,1985,15,29,South African Grand Prix,1985-10-19 00:00:00,00:00:00
419,1985,16,28,Australian Grand Prix,1985-11-03 00:00:00,00:00:00
420,1986,1,35,Brazilian Grand Prix,1986-03-23 00:00:00,00:00:00
421,1986,2,25,Spanish Grand Prix,1986-04-13 00:00:00,00:00:00
422,1986,3,20,San Marino Grand Prix,1986-04-27 00:00:00,00:00:00
423,1986,4,5,Monaco Grand Prix,1986-05-11 00:00:00,00:00:00
424,1986,5,12,Belgian Grand Prix,1986-05-25 00:00:00,00:00:00
425,1986,6,6,Canadian Grand Prix,1986-06-15 00:00:00,00:00:00
426,1986,7,36,Detroit Grand Prix,1986-06-22 00:00:00,00:00:00
427,1986,8,33,French Grand Prix,1986-07-06 00:00:00,00:00:00
428,1986,9,37,British Grand Prix,1986-07-13 00:00:00,00:00:00
429,1986,10,9,German Grand Prix,1986-07-27 00:00:00,00:00:00
430,1986,11,10,Hungarian Grand Prix,1986-08-10 00:00:00,00:00:00
431,1986,12,69,Austrian Grand Prix,1986-08-17 00:00:00,00:00:00
432,1986,13,13,Italian Grand Prix,1986-09-07 00:00:00,00:00:00
433,1986,14,26,Portuguese Grand Prix,1986-09-21 00:00:00,00:00:00
434,1986,15,31,Mexican Grand Prix,1986-10-12 00:00:00,00:00:00
435,1986,16,28,Australian Grand Prix,1986-10-26 00:00:00,00:00:00
436,1987,1,35,Brazilian Grand Prix,1987-04-12 00:00:00,00:00:00
437,1987,2,20,San Marino Grand Prix,1987-05-03 00:00:00,00:00:00
438,1987,3,12,Belgian Grand Prix,1987-05-17 00:00:00,00:00:00
439,1987,4,5,Monaco Grand Prix,1987-05-31 00:00:00,00:00:00
440,1987,5,36,Detroit Grand Prix,1987-06-21 00:00:00,00:00:00
441,1987,6,33,French Grand Prix,1987-07-05 00:00:00,00:00:00
442,1987,7,8,British Grand Prix,1987-07-12 00:00:00,00:00:00
443,1987,8,9,German Grand Prix,1987-07-26 00:00:00,00:00:00
444,1987,9,10,Hungarian Grand Prix,1987-08-09 00:00:00,00:00:00
445,1987,10,69,Austrian Grand Prix,1987-08-16 00:00:00,00:00:00
446,1987,11,13,Italian Grand Prix,1987-09-06 00:00:00,00:00:00
447,1987,12,26,Portuguese Grand Prix,1987-09-20 00:00:00,00:00:00
448,1987,13,25,Spanish Grand Prix,1987-09-27 00:00:00,00:00:00
449,1987,14,31,Mexican Grand Prix,1987-10-18 00:00:00,00:00:00
450,1987,15,21,Japanese Grand Prix,1987-11-01 00:00:00,00:00:00
451,1987,16,28,Australian Grand Prix,1987-11-15 00:00:00,00:00:00
452,1988,1,35,Brazilian Grand Prix,1988-04-03 00:00:00,00:00:00
453,1988,2,20,San Marino Grand Prix,1988-05-01 00:00:00,00:00:00
454,1988,3,5,Monaco Grand Prix,1988-05-15 00:00:00,00:00:00
455,1988,4,31,Mexican Grand Prix,1988-05-29 00:00:00,00:00:00
456,1988,5,6,Canadian Grand Prix,1988-06-12 00:00:00,00:00:00
457,1988,6,36,Detroit Grand Prix,1988-06-19 00:00:00,00:00:00
458,1988,7,33,French Grand Prix,1988-07-03 00:00:00,00:00:00
459,1988,8,8,British Grand Prix,1988-07-10 00:00:00,00:00:00
460,1988,9,9,German Grand Prix,1988-07-24 00:00:00,00:00:00
461,1988,10,10,Hungarian Grand Prix,1988-08-07 00:00:00,00:00:00
462,1988,11,12,Belgian Grand Prix,1988-08-28 00:00:00,00:00:00
463,1988,12,13,Italian Grand Prix,1988-09-11 00:00:00,00:00:00
464,1988,13,26,Portuguese Grand Prix,1988-09-25 00:00:00,00:00:00
465,1988,14,25,Spanish Grand Prix,1988-10-02 00:00:00,00:00:00
466,1988,15,21,Japanese Grand Prix,1988-10-30 00:00:00,00:00:00
467,1988,16,28,Australian Grand Prix,1988-11-13 00:00:00,00:00:00
468,1989,1,35,Brazilian Grand Prix,1989-03-26 00:00:00,00:00:00
469,1989,2,20,San Marino Grand Prix,1989-04-23 00:00:00,00:00:00
470,1989,3,5,Monaco Grand Prix,1989-05-07 00:00:00,00:00:00
471,1989,4,31,Mexican Grand Prix,1989-05-28 00:00:00,00:00:00
472,1989,5,32,United States Grand Prix,1989-06-04 00:00:00,00:00:00
473,1989,6,6,Canadian Grand Prix,1989-06-18 00:00:00,00:00:00
474,1989,7,33,French Grand Prix,1989-07-09 00:00:00,00:00:00
475,1989,8,8,British Grand Prix,1989-07-16 00:00:00,00:00:00
476,1989,9,9,German Grand Prix,1989-07-30 00:00:00,00:00:00
477,1989,10,10,Hungarian Grand Prix,1989-08-13 00:00:00,00:00:00
478,1989,11,12,Belgian Grand Prix,1989-08-27 00:00:00,00:00:00
479,1989,12,13,Italian Grand Prix,1989-09-10 00:00:00,00:00:00
480,1989,13,26,Portuguese Grand Prix,1989-09-24 00:00:00,00:00:00
481,1989,14,25,Spanish Grand Prix,1989-10-01 00:00:00,00:00:00
482,1989,15,21,Japanese Grand Prix,1989-10-22 00:00:00,00:00:00
483,1989,16,28,Australian Grand Prix,1989-11-05 00:00:00,00:00:00
484,1990,1,32,United States Grand Prix,1990-03-11 00:00:00,00:00:00
485,1990,2,17,Brazilian Grand Prix,1990-03-25 00:00:00,00:00:00
486,1990,3,20,San Marino Grand Prix,1990-05-13 00:00:00,00:00:00
487,1990,4,5,Monaco Grand Prix,1990-05-27 00:00:00,00:00:00
488,1990,5,6,Canadian Grand Prix,1990-06-10 00:00:00,00:00:00
489,1990,6,31,Mexican Grand Prix,1990-06-24 00:00:00,00:00:00
490,1990,7,33,French Grand Prix,1990-07-08 00:00:00,00:00:00
491,1990,8,8,British Grand Prix,1990-07-15 00:00:00,00:00:00
492,1990,9,9,German Grand Prix,1990-07-29 00:00:00,00:00:00
493,1990,10,10,Hungarian Grand Prix,1990-08-12 00:00:00,00:00:00
494,1990,11,12,Belgian Grand Prix,1990-08-26 00:00:00,00:00:00
495,1990,12,13,Italian Grand Prix,1990-09-09 00:00:00,00:00:00
496,1990,13,26,Portuguese Grand Prix,1990-09-23 00:00:00,00:00:00
497,1990,14,25,Spanish Grand Prix,1990-09-30 00:00:00,00:00:00
498,1990,15,21,Japanese Grand Prix,1990-10-21 00:00:00,00:00:00
499,1990,16,28,Australian Grand Prix,1990-11-04 00:00:00,00:00:00
500,1991,1,32,United States Grand Prix,1991-03-10 00:00:00,00:00:00
501,1991,2,17,Brazilian Grand Prix,1991-03-24 00:00:00,00:00:00
502,1991,3,20,San Marino Grand Prix,1991-04-28 00:00:00,00:00:00
503,1991,4,5,Monaco Grand Prix,1991-05-12 00:00:00,00:00:00
504,1991,5,6,Canadian Grand Prix,1991-06-02 00:00:00,00:00:00
505,1991,6,31,Mexican Grand Prix,1991-06-16 00:00:00,00:00:00
506,1991,7,7,French Grand Prix,1991-07-07 00:00:00,00:00:00
507,1991,8,8,British Grand Prix,1991-07-14 00:00:00,00:00:00
508,1991,9,9,German Grand Prix,1991-07-28 00:00:00,00:00:00
509,1991,10,10,Hungarian Grand Prix,1991-08-11 00:00:00,00:00:00
510,1991,11,12,Belgian Grand Prix,1991-08-25 00:00:00,00:00:00
511,1991,12,13,Italian Grand Prix,1991-09-08 00:00:00,00:00:00
512,1991,13,26,Portuguese Grand Prix,1991-09-22 00:00:00,00:00:00
513,1991,14,3,Spanish Grand Prix,1991-09-29 00:00:00,00:00:00
514,1991,15,21,Japanese Grand Prix,1991-10-20 00:00:00,00:00:00
515,1991,16,28,Australian Grand Prix,1991-11-03 00:00:00,00:00:00
516,1992,1,29,South African Grand Prix,1992-03-01 00:00:00,00:00:00
517,1992,2,31,Mexican Grand Prix,1992-03-22 00:00:00,00:00:00
518,1992,3,17,Brazilian Grand Prix,1992-04-05 00:00:00,00:00:00
519,1992,4,3,Spanish Grand Prix,1992-05-03 00:00:00,00:00:00
520,1992,5,20,San Marino Grand Prix,1992-05-17 00:00:00,00:00:00
521,1992,6,5,Monaco Grand Prix,1992-05-31 00:00:00,00:00:00
522,1992,7,6,Canadian Grand Prix,1992-06-14 00:00:00,00:00:00
523,1992,8,7,French Grand Prix,1992-07-05 00:00:00,00:00:00
524,1992,9,8,British Grand Prix,1992-07-12 00:00:00,00:00:00
525,1992,10,9,German Grand Prix,1992-07-26 00:00:00,00:00:00
526,1992,11,10,Hungarian Grand Prix,1992-08-16 00:00:00,00:00:00
527,1992,12,12,Belgian Grand Prix,1992-08-30 00:00:00,00:00:00
528,1992,13,13,Italian Grand Prix,1992-09-13 00:00:00,00:00:00
529,1992,14,26,Portuguese Grand Prix,1992-09-27 00:00:00,00:00:00
530,1992,15,21,Japanese Grand Prix,1992-10-25 00:00:00,00:00:00
531,1992,16,28,Australian Grand Prix,1992-11-08 00:00:00,00:00:00
532,1993,1,29,South African Grand Prix,1993-03-14 00:00:00,00:00:00
533,1993,2,17,Brazilian Grand Prix,1993-03-28 00:00:00,00:00:00
534,1993,3,30,European Grand Prix,1993-04-11 00:00:00,00:00:00
535,1993,4,20,San Marino Grand Prix,1993-04-25 00:00:00,00:00:00
536,1993,5,3,Spanish Grand Prix,1993-05-09 00:00:00,00:00:00
537,1993,6,5,Monaco Grand Prix,1993-05-23 00:00:00,00:00:00
538,1993,7,6,Canadian Grand Prix,1993-06-13 00:00:00,00:00:00
539,1993,8,7,French Grand Prix,1993-07-04 00:00:00,00:00:00
540,1993,9,8,British Grand Prix,1993-07-11 00:00:00,00:00:00
541,1993,10,9,German Grand Prix,1993-07-25 00:00:00,00:00:00
542,1993,11,10,Hungarian Grand Prix,1993-08-15 00:00:00,00:00:00
543,1993,12,12,Belgian Grand Prix,1993-08-29 00:00:00,00:00:00
544,1993,13,13,Italian Grand Prix,1993-09-12 00:00:00,00:00:00
545,1993,14,26,Portuguese Grand Prix,1993-09-26 00:00:00,00:00:00
546,1993,15,21,Japanese Grand Prix,1993-10-24 00:00:00,00:00:00
547,1993,16,28,Australian Grand Prix,1993-11-07 00:00:00,00:00:00
548,1994,1,17,Brazilian Grand Prix,1994-03-27 00:00:00,00:00:00
549,1994,2,27,Pacific Grand Prix,1994-04-17 00:00:00,00:00:00
550,1994,3,20,San Marino Grand Prix,1994-05-01 00:00:00,00:00:00
551,1994,4,5,Monaco Grand Prix,1994-05-15 00:00:00,00:00:00
552,1994,5,3,Spanish Grand Prix,1994-05-29 00:00:00,00:00:00
553,1994,6,6,Canadian Grand Prix,1994-06-12 00:00:00,00:00:00
554,1994,7,7,French Grand Prix,1994-07-03 00:00:00,00:00:00
555,1994,8,8,British Grand Prix,1994-07-10 00:00:00,00:00:00
556,1994,9,9,German Grand Prix,1994-07-31 00:00:00,00:00:00
557,1994,10,10,Hungarian Grand Prix,1994-08-14 00:00:00,00:00:00
558,1994,11,12,Belgian Grand Prix,1994-08-28 00:00:00,00:00:00
559,1994,12,13,Italian Grand Prix,1994-09-11 00:00:00,00:00:00
560,1994,13,26,Portuguese Grand Prix,1994-09-25 00:00:00,00:00:00
561,1994,14,25,European Grand Prix,1994-10-16 00:00:00,00:00:00
562,1994,15,21,Japanese Grand Prix,1994-11-06 00:00:00,00:00:00
563,1994,16,28,Australian Grand Prix,1994-11-13 00:00:00,00:00:00
564,1995,1,17,Brazilian Grand Prix,1995-03-26 00:00:00,00:00:00
565,1995,2,24,Argentine Grand Prix,1995-04-09 00:00:00,00:00:00
566,1995,3,20,San Marino Grand Prix,1995-04-30 00:00:00,00:00:00
567,1995,4,3,Spanish Grand Prix,1995-05-14 00:00:00,00:00:00
568,1995,5,5,Monaco Grand Prix,1995-05-28 00:00:00,00:00:00
569,1995,6,6,Canadian Grand Prix,1995-06-11 00:00:00,00:00:00
570,1995,7,7,French Grand Prix,1995-07-02 00:00:00,00:00:00
571,1995,8,8,British Grand Prix,1995-07-16 00:00:00,00:00:00
572,1995,9,9,German Grand Prix,1995-07-30 00:00:00,00:00:00
573,1995,10,10,Hungarian Grand Prix,1995-08-13 00:00:00,00:00:00
574,1995,11,12,Belgian Grand Prix,1995-08-27 00:00:00,00:00:00
575,1995,12,13,Italian Grand Prix,1995-09-10 00:00:00,00:00:00
576,1995,13,26,Portuguese Grand Prix,1995-09-24 00:00:00,00:00:00
577,1995,14,19,European Grand Prix,1995-10-01 00:00:00,00:00:00
578,1995,15,27,Pacific Grand Prix,1995-10-22 00:00:00,00:00:00
579,1995,16,21,Japanese Grand Prix,1995-10-29 00:00:00,00:00:00
580,1995,17,28,Australian Grand Prix,1995-11-12 00:00:00,00:00:00
581,1996,1,0,Australian Grand Prix,1996-03-10 00:00:00,00:00:00
582,1996,2,17,Brazilian Grand Prix,1996-03-31 00:00:00,00:00:00
583,1996,3,24,Argentine Grand Prix,1996-04-07 00:00:00,00:00:00
584,1996,4,19,European Grand Prix,1996-04-28 00:00:00,00:00:00
585,1996,5,20,San Marino Grand Prix,1996-05-05 00:00:00,00:00:00
586,1996,6,5,Monaco Grand Prix,1996-05-19 00:00:00,00:00:00
587,1996,7,3,Spanish Grand Prix,1996-06-02 00:00:00,00:00:00
588,1996,8,6,Canadian Grand Prix,1996-06-16 00:00:00,00:00:00
589,1996,9,7,French Grand Prix,1996-06-30 00:00:00,00:00:00
590,1996,10,8,British Grand Prix,1996-07-14 00:00:00,00:00:00
591,1996,11,9,German Grand Prix,1996-07-28 00:00:00,00:00:00
592,1996,12,10,Hungarian Grand Prix,1996-08-11 00:00:00,00:00:00
593,1996,13,12,Belgian Grand Prix,1996-08-25 00:00:00,00:00:00
594,1996,14,13,Italian Grand Prix,1996-09-08 00:00:00,00:00:00
595,1996,15,26,Portuguese Grand Prix,1996-09-22 00:00:00,00:00:00
596,1996,16,21,Japanese Grand Prix,1996-10-13 00:00:00,00:00:00
597,1997,1,0,Australian Grand Prix,1997-03-09 00:00:00,00:00:00
598,1997,2,17,Brazilian Grand Prix,1997-03-30 00:00:00,00:00:00
599,1997,3,24,Argentine Grand Prix,1997-04-13 00:00:00,00:00:00
600,1997,4,20,San Marino Grand Prix,1997-04-27 00:00:00,00:00:00
601,1997,5,5,Monaco Grand Prix,1997-05-11 00:00:00,00:00:00
602,1997,6,3,Spanish Grand Prix,1997-05-25 00:00:00,00:00:00
603,1997,7,6,Canadian Grand Prix,1997-06-15 00:00:00,00:00:00
604,1997,8,7,French Grand Prix,1997-06-29 00:00:00,00:00:00
605,1997,9,8,British Grand Prix,1997-07-13 00:00:00,00:00:00
606,1997,10,9,German Grand Prix,1997-07-27 00:00:00,00:00:00
607,1997,11,10,Hungarian Grand Prix,1997-08-10 00:00:00,00:00:00
608,1997,12,12,Belgian Grand Prix,1997-08-24 00:00:00,00:00:00
609,1997,13,13,Italian Grand Prix,1997-09-07 00:00:00,00:00:00
610,1997,14,69,Austrian Grand Prix,1997-09-21 00:00:00,00:00:00
611,1997,15,19,Luxembourg Grand Prix,1997-09-28 00:00:00,00:00:00
612,1997,16,21,Japanese Grand Prix,1997-10-12 00:00:00,00:00:00
613,1997,17,25,European Grand Prix,1997-10-26 00:00:00,00:00:00
614,1998,1,0,Australian Grand Prix,1998-03-08 00:00:00,00:00:00
615,1998,2,17,Brazilian Grand Prix,1998-03-29 00:00:00,00:00:00
616,1998,3,24,Argentine Grand Prix,1998-04-12 00:00:00,00:00:00
617,1998,4,20,San Marino Grand Prix,1998-04-26 00:00:00,00:00:00
618,1998,5,3,Spanish Grand Prix,1998-05-10 00:00:00,00:00:00
619,1998,6,5,Monaco Grand Prix,1998-05-24 00:00:00,00:00:00
620,1998,7,6,Canadian Grand Prix,1998-06-07 00:00:00,00:00:00
621,1998,8,7,French Grand Prix,1998-06-28 00:00:00,00:00:00
622,1998,9,8,British Grand Prix,1998-07-12 00:00:00,00:00:00
623,1998,10,69,Austrian Grand Prix,1998-07-26 00:00:00,00:00:00
624,1998,11,9,German Grand Prix,1998-08-02 00:00:00,00:00:00
625,1998,12,10,Hungarian Grand Prix,1998-08-16 00:00:00,00:00:00
626,1998,13,12,Belgian Grand Prix,1998-08-30 00:00:00,00:00:00
627,1998,14,13,Italian Grand Prix,1998-09-13 00:00:00,00:00:00
628,1998,15,19,Luxembourg Grand Prix,1998-09-27 00:00:00,00:00:00
629,1998,16,21,Japanese Grand Prix,1998-11-01 00:00:00,00:00:00
630,1999,1,0,Australian Grand Prix,1999-03-07 00:00:00,00:00:00
631,1999,2,17,Brazilian Grand Prix,1999-04-11 00:00:00,00:00:00
632,1999,3,20,San Marino Grand Prix,1999-05-02 00:00:00,00:00:00
633,1999,4,5,Monaco Grand Prix,1999-05-16 00:00:00,00:00:00
634,1999,5,3,Spanish Grand Prix,1999-05-30 00:00:00,00:00:00
635,1999,6,6,Canadian Grand Prix,1999-06-13 00:00:00,00:00:00
636,1999,7,7,French Grand Prix,1999-06-27 00:00:00,00:00:00
637,1999,8,8,British Grand Prix,1999-07-11 00:00:00,00:00:00
638,1999,9,69,Austrian Grand Prix,1999-07-25 00:00:00,00:00:00
639,1999,10,9,German Grand Prix,1999-08-01 00:00:00,00:00:00
640,1999,11,10,Hungarian Grand Prix,1999-08-15 00:00:00,00:00:00
641,1999,12,12,Belgian Grand Prix,1999-08-29 00:00:00,00:00:00
642,1999,13,13,Italian Grand Prix,1999-09-12 00:00:00,00:00:00
643,1999,14,19,European Grand Prix,1999-09-26 00:00:00,00:00:00
644,1999,15,1,Malaysian Grand Prix,1999-10-17 00:00:00,00:00:00
645,1999,16,21,Japanese Grand Prix,1999-10-31 00:00:00,00:00:00
646,2000,1,0,Australian Grand Prix,2000-03-12 00:00:00,00:00:00
647,2000,2,17,Brazilian Grand Prix,2000-03-26 00:00:00,00:00:00
648,2000,3,20,San Marino Grand Prix,2000-04-09 00:00:00,00:00:00
649,2000,4,8,British Grand Prix,2000-04-23 00:00:00,00:00:00
650,2000,5,3,Spanish Grand Prix,2000-05-07 00:00:00,00:00:00
651,2000,6,19,European Grand Prix,2000-05-21 00:00:00,00:00:00
652,2000,7,5,Monaco Grand Prix,2000-06-04 00:00:00,00:00:00
653,2000,8,6,Canadian Grand Prix,2000-06-18 00:00:00,00:00:00
654,2000,9,7,French Grand Prix,2000-07-02 00:00:00,00:00:00
655,2000,10,69,Austrian Grand Prix,2000-07-16 00:00:00,00:00:00
656,2000,11,9,German Grand Prix,2000-07-30 00:00:00,00:00:00
657,2000,12,10,Hungarian Grand Prix,2000-08-13 00:00:00,00:00:00
658,2000,13,12,Belgian Grand Prix,2000-08-27 00:00:00,00:00:00
659,2000,14,13,Italian Grand Prix,2000-09-10 00:00:00,00:00:00
660,2000,15,18,United States Grand Prix,2000-09-24 00:00:00,00:00:00
661,2000,16,21,Japanese Grand Prix,2000-10-08 00:00:00,00:00:00
662,2000,17,1,Malaysian Grand Prix,2000-10-22 00:00:00,00:00:00
663,2001,1,0,Australian Grand Prix,2001-03-04 00:00:00,00:00:00
664,2001,2,1,Malaysian Grand Prix,2001-03-18 00:00:00,00:00:00
665,2001,3,17,Brazilian Grand Prix,2001-04-01 00:00:00,00:00:00
666,2001,4,20,San Marino Grand Prix,2001-04-15 00:00:00,00:00:00
667,2001,5,3,Spanish Grand Prix,2001-04-29 00:00:00,00:00:00
668,2001,6,69,Austrian Grand Prix,2001-05-13 00:00:00,00:00:00
669,2001,7,5,Monaco Grand Prix,2001-05-27 00:00:00,00:00:00
670,2001,8,6,Canadian Grand Prix,2001-06-10 00:00:00,00:00:00
671,2001,9,19,European Grand Prix,2001-06-24 00:00:00,00:00:00
672,2001,10,7,French Grand Prix,2001-07-01 00:00:00,00:00:00
673,2001,11,8,British Grand Prix,2001-07-15 00:00:00,00:00:00
674,2001,12,9,German Grand Prix,2001-07-29 00:00:00,00:00:00
675,2001,13,10,Hungarian Grand Prix,2001-08-19 00:00:00,00:00:00
676,2001,14,12,Belgian Grand Prix,2001-09-02 00:00:00,00:00:00
677,2001,15,13,Italian Grand Prix,2001-09-16 00:00:00,00:00:00
678,2001,16,18,United States Grand Prix,2001-09-30 00:00:00,00:00:00
679,2001,17,21,Japanese Grand Prix,2001-10-14 00:00:00,00:00:00
680,2002,1,0,Australian Grand Prix,2002-03-03 00:00:00,00:00:00
681,2002,2,1,Malaysian Grand Prix,2002-03-17 00:00:00,00:00:00
682,2002,3,17,Brazilian Grand Prix,2002-03-31 00:00:00,00:00:00
683,2002,4,20,San Marino Grand Prix,2002-04-14 00:00:00,00:00:00
684,2002,5,3,Spanish Grand Prix,2002-04-28 00:00:00,00:00:00
685,2002,6,69,Austrian Grand Prix,2002-05-12 00:00:00,00:00:00
686,2002,7,5,Monaco Grand Prix,2002-05-26 00:00:00,00:00:00
687,2002,8,6,Canadian Grand Prix,2002-06-09 00:00:00,00:00:00
688,2002,9,19,European Grand Prix,2002-06-23 00:00:00,00:00:00
689,2002,10,8,British Grand Prix,2002-07-07 00:00:00,00:00:00
690,2002,11,7,French Grand Prix,2002-07-21 00:00:00,00:00:00
691,2002,12,9,German Grand Prix,2002-07-28 00:00:00,00:00:00
692,2002,13,10,Hungarian Grand Prix,2002-08-18 00:00:00,00:00:00
693,2002,14,12,Belgian Grand Prix,2002-09-01 00:00:00,00:00:00
694,2002,15,13,Italian Grand Prix,2002-09-15 00:00:00,00:00:00
695,2002,16,18,United States Grand Prix,2002-09-29 00:00:00,00:00:00
696,2002,17,21,Japanese Grand Prix,2002-10-13 00:00:00,00:00:00
697,2003,1,0,Australian Grand Prix,2003-03-09 00:00:00,00:00:00
698,2003,2,1,Malaysian Grand Prix,2003-03-23 00:00:00,00:00:00
699,2003,3,17,Brazilian Grand Prix,2003-04-06 00:00:00,00:00:00
700,2003,4,20,San Marino Grand Prix,2003-04-20 00:00:00,00:00:00
701,2003,5,3,Spanish Grand Prix,2003-05-04 00:00:00,00:00:00
702,2003,6,69,Austrian Grand Prix,2003-05-18 00:00:00,00:00:00
703,2003,7,5,Monaco Grand Prix,2003-06-01 00:00:00,00:00:00
704,2003,8,6,Canadian Grand Prix,2003-06-15 00:00:00,00:00:00
705,2003,9,19,European Grand Prix,2003-06-29 00:00:00,00:00:00
706,2003,10,7,French Grand Prix,2003-07-06 00:00:00,00:00:00
707,2003,11,8,British Grand Prix,2003-07-20 00:00:00,00:00:00
708,2003,12,9,German Grand Prix,2003-08-03 00:00:00,00:00:00
709,2003,13,10,Hungarian Grand Prix,2003-08-24 00:00:00,00:00:00
710,2003,14,13,Italian Grand Prix,2003-09-14 00:00:00,00:00:00
711,2003,15,18,United States Grand Prix,2003-09-28 00:00:00,00:00:00
712,2003,16,21,Japanese Grand Prix,2003-10-12 00:00:00,00:00:00
713,2004,1,0,Australian Grand Prix,2004-03-07 00:00:00,00:00:00
714,2004,2,1,Malaysian Grand Prix,2004-03-21 00:00:00,00:00:00
715,2004,3,2,Bahrain Grand Prix,2004-04-04 00:00:00,00:00:00
716,2004,4,20,San Marino Grand Prix,2004-04-25 00:00:00,00:00:00
717,2004,5,3,Spanish Grand Prix,2004-05-09 00:00:00,00:00:00
718,2004,6,5,Monaco Grand Prix,2004-05-23 00:00:00,00:00:00
719,2004,7,19,European Grand Prix,2004-05-30 00:00:00,00:00:00
720,2004,8,6,Canadian Grand Prix,2004-06-13 00:00:00,00:00:00
721,2004,9,18,United States Grand Prix,2004-06-20 00:00:00,00:00:00
722,2004,10,7,French Grand Prix,2004-07-04 00:00:00,00:00:00
723,2004,11,8,British Grand Prix,2004-07-11 00:00:00,00:00:00
724,2004,12,9,German Grand Prix,2004-07-25 00:00:00,00:00:00
725,2004,13,10,Hungarian Grand Prix,2004-08-15 00:00:00,00:00:00
726,2004,14,12,Belgian Grand Prix,2004-08-29 00:00:00,00:00:00
727,2004,15,13,Italian Grand Prix,2004-09-12 00:00:00,00:00:00
728,2004,16,16,Chinese Grand Prix,2004-09-26 00:00:00,00:00:00
729,2004,17,21,Japanese Grand Prix,2004-10-10 00:00:00,00:00:00
730,2004,18,17,Brazilian Grand Prix,2004-10-24 00:00:00,00:00:00
731,2005,1,0,Australian Grand Prix,2005-03-06 14:00:00,14:00:00
732,2005,2,1,Malaysian Grand Prix,2005-03-20 15:00:00,15:00:00
733,2005,3,2,Bahrain Grand Prix,2005-04-03 14:30:00,14:30:00
734,2005,4,20,San Marino Grand Prix,2005-04-24 14:00:00,14:00:00
735,2005,5,3,Spanish Grand Prix,2005-05-08 14:00:00,14:00:00
736,2005,6,5,Monaco Grand Prix,2005-05-22 14:00:00,14:00:00
737,2005,7,19,European Grand Prix,2005-05-29 14:00:00,14:00:00
738,2005,8,6,Canadian Grand Prix,2005-06-12 13:00:00,13:00:00
739,2005,9,18,United States Grand Prix,2005-06-19 14:00:00,14:00:00
740,2005,10,7,French Grand Prix,2005-07-03 14:00:00,14:00:00
741,2005,11,8,British Grand Prix,2005-07-10 14:00:00,14:00:00
742,2005,12,9,German Grand Prix,2005-07-24 14:00:00,14:00:00
743,2005,13,10,Hungarian Grand Prix,2005-07-31 14:00:00,14:00:00
744,2005,14,4,Turkish Grand Prix,2005-08-21 15:00:00,15:00:00
745,2005,15,13,Italian Grand Prix,2005-09-04 14:00:00,14:00:00
746,2005,16,12,Belgian Grand Prix,2005-09-11 14:00:00,14:00:00
747,2005,17,17,Brazilian Grand Prix,2005-09-25 14:00:00,14:00:00
748,2005,18,21,Japanese Grand Prix,2005-10-09 14:00:00,14:00:00
749,2005,19,16,Chinese Grand Prix,2005-10-16 14:00:00,14:00:00
750,2006,1,2,Bahrain Grand Prix,2006-03-12 14:30:00,14:30:00
751,2006,2,1,Malaysian Grand Prix,2006-03-19 15:00:00,15:00:00
752,2006,3,0,Australian Grand Prix,2006-04-02 14:00:00,14:00:00
753,2006,4,20,San Marino Grand Prix,2006-04-23 14:00:00,14:00:00
754,2006,5,19,European Grand Prix,2006-05-07 14:00:00,14:00:00
755,2006,6,3,Spanish Grand Prix,2006-05-14 14:00:00,14:00:00
756,2006,7,5,Monaco Grand Prix,2006-05-28 14:00:00,14:00:00
757,2006,8,8,British Grand Prix,2006-06-11 12:00:00,12:00:00
758,2006,9,6,Canadian Grand Prix,2006-06-25 13:00:00,13:00:00
759,2006,10,18,United States Grand Prix,2006-07-02 14:00:00,14:00:00
760,2006,11,7,French Grand Prix,2006-07-16 14:00:00,14:00:00
761,2006,12,9,German Grand Prix,2006-07-30 14:00:00,14:00:00
762,2006,13,10,Hungarian Grand Prix,2006-08-06 14:00:00,14:00:00
763,2006,14,4,Turkish Grand Prix,2006-08-27 15:00:00,15:00:00
764,2006,15,13,Italian Grand Prix,2006-09-10 14:00:00,14:00:00
765,2006,16,16,Chinese Grand Prix,2006-10-01 14:00:00,14:00:00
766,2006,17,21,Japanese Grand Prix,2006-10-08 14:00:00,14:00:00
767,2006,18,17,Brazilian Grand Prix,2006-10-22 14:00:00,14:00:00
768,2007,1,0,Australian Grand Prix,2007-03-18 03:00:00,03:00:00
769,2007,2,1,Malaysian Grand Prix,2007-04-08 07:00:00,07:00:00
770,2007,3,2,Bahrain Grand Prix,2007-04-15 11:30:00,11:30:00
771,2007,4,3,Spanish Grand Prix,2007-05-13 12:00:00,12:00:00
772,2007,5,5,Monaco Grand Prix,2007-05-27 12:00:00,12:00:00
773,2007,6,6,Canadian Grand Prix,2007-06-10 17:00:00,17:00:00
774,2007,7,18,United States Grand Prix,2007-06-17 17:00:00,17:00:00
775,2007,8,7,French Grand Prix,2007-07-01 12:00:00,12:00:00
776,2007,9,8,British Grand Prix,2007-07-08 12:00:00,12:00:00
777,2007,10,19,European Grand Prix,2007-07-22 12:00:00,12:00:00
778,2007,11,10,Hungarian Grand Prix,2007-08-05 12:00:00,12:00:00
779,2007,12,4,Turkish Grand Prix,2007-08-26 12:00:00,12:00:00
780,2007,13,13,Italian Grand Prix,2007-09-09 12:00:00,12:00:00
781,2007,14,12,Belgian Grand Prix,2007-09-16 12:00:00,12:00:00
782,2007,15,15,Japanese Grand Prix,2007-09-30 04:30:00,04:30:00
783,2007,16,16,Chinese Grand Prix,2007-10-07 06:00:00,06:00:00
784,2007,17,17,Brazilian Grand Prix,2007-10-21 16:00:00,16:00:00
785,2008,1,0,Australian Grand Prix,2008-03-16 04:30:00,04:30:00
786,2008,2,1,Malaysian Grand Prix,2008-03-23 07:00:00,07:00:00
787,2008,3,2,Bahrain Grand Prix,2008-04-06 11:30:00,11:30:00
788,2008,4,3,Spanish Grand Prix,2008-04-27 12:00:00,12:00:00
789,2008,5,4,Turkish Grand Prix,2008-05-11 12:00:00,12:00:00
790,2008,6,5,Monaco Grand Prix,2008-05-25 12:00:00,12:00:00
791,2008,7,6,Canadian Grand Prix,2008-06-08 17:00:00,17:00:00
792,2008,8,7,French Grand Prix,2008-06-22 12:00:00,12:00:00
793,2008,9,8,British Grand Prix,2008-07-06 12:00:00,12:00:00
794,2008,10,9,German Grand Prix,2008-07-20 12:00:00,12:00:00
795,2008,11,10,Hungarian Grand Prix,2008-08-03 12:00:00,12:00:00
796,2008,12,11,European Grand Prix,2008-08-24 12:00:00,12:00:00
797,2008,13,12,Belgian Grand Prix,2008-09-07 12:00:00,12:00:00
798,2008,14,13,Italian Grand Prix,2008-09-14 12:00:00,12:00:00
799,2008,15,14,Singapore Grand Prix,2008-09-28 12:00:00,12:00:00
800,2008,16,15,Japanese Grand Prix,2008-10-12 04:30:00,04:30:00
801,2008,17,16,Chinese Grand Prix,2008-10-19 07:00:00,07:00:00
802,2008,18,17,Brazilian Grand Prix,2008-11-02 17:00:00,17:00:00
803,2009,1,0,Australian Grand Prix,2009-03-29 06:00:00,06:00:00
804,2009,2,1,Malaysian Grand Prix,2009-04-05 09:00:00,09:00:00
805,2009,3,16,Chinese Grand Prix,2009-04-19 07:00:00,07:00:00
806,2009,4,2,Bahrain Grand Prix,2009-04-26 12:00:00,12:00:00
807,2009,5,3,Spanish Grand Prix,2009-05-10 12:00:00,12:00:00
808,2009,6,5,Monaco Grand Prix,2009-05-24 12:00:00,12:00:00
809,2009,7,4,Turkish Grand Prix,2009-06-07 12:00:00,12:00:00
810,2009,8,8,British Grand Prix,2009-06-21 12:00:00,12:00:00
811,2009,9,19,German Grand Prix,2009-07-12 12:00:00,12:00:00
812,2009,10,10,Hungarian Grand Prix,2009-07-26 12:00:00,12:00:00
813,2009,11,11,European Grand Prix,2009-08-23 12:00:00,12:00:00
814,2009,12,12,Belgian Grand Prix,2009-08-30 12:00:00,12:00:00
815,2009,13,13,Italian Grand Prix,2009-09-13 12:00:00,12:00:00
816,2009,14,14,Singapore Grand Prix,2009-09-27 12:00:00,12:00:00
817,2009,15,21,Japanese Grand Prix,2009-10-04 05:00:00,05:00:00
818,2009,16,17,Brazilian Grand Prix,2009-10-18 16:00:00,16:00:00
819,2009,17,23,Abu Dhabi Grand Prix,2009-11-01 11:00:00,11:00:00
